Option Name,Developer,Contact,Address,Wi-Fi,Year Built,Units,URL
Palazzo at The Piazza,Post Brothers Apartments,844-202-1970,"1050 N Hancock St, Philadelphia, PA 19123",False,2019,20,https://www.apartments.com/palazzo-at-the-piazza-philadelphia-pa/2szmfl9/
The Hamilton,The Bozzuto Group,484-334-4683,"1520 Hamilton St, Philadelphia, PA 19130",True,2018,279,https://www.apartments.com/the-hamilton-philadelphia-pa/jk2rxy5/
Hanover North Broad,The Hanover Company,844-892-6318,"322-344 N Broad St, Philadelphia, PA 19107",True,2017,339,https://www.apartments.com/hanover-north-broad-philadelphia-pa/540bw8m/
Diamond Green-Student Housing!!,Orens Brothers Real Estate Inc.,844-396-7061,"1000 Diamond St, Philadelphia, PA 19122",True,2012,92,https://www.apartments.com/diamond-green-student-housing-philadelphia-pa/rx12fs2/
Fallsview Gardens,Stonelock Properties,484-388-5701,"3026 W Queen Ln, Philadelphia, PA 19129",True,1958,34,https://www.apartments.com/fallsview-gardens-philadelphia-pa/xk810sq/
"Dobson Studios, Lofts and apartments","Winther Investment, Inc.",267-297-3173,"4055 Ridge Ave, Philadelphia, PA 19129",False,2007,284,https://www.apartments.com/dobson-studios-lofts-and-apartments-philadelphia-pa/z18pmxz/
YONO,Lindy Property,267-368-7156,"1320 W Somerville Ave, Philadelphia, PA 19141",True,1958,225,https://www.apartments.com/yono-philadelphia-pa/fzzev2t/
The Avenue at East Falls,GoldOller Real Estate Investments,215-558-5905,"5450 Wissahickon Ave, Philadelphia, PA 19144",False,1953,512,https://www.apartments.com/the-avenue-at-east-falls-philadelphia-pa/y48p92r/
Alden Park,"RAM Partners, LLC",215-392-9323,"5500 Wissahickon Ave, Philadelphia, PA 19144",False,1925,775,https://www.apartments.com/alden-park-philadelphia-pa/83f95m3/
Falls Village,Scully Company,877-470-8540,"2991 W School House Ln, Philadelphia, PA 19144",False,1964,180,https://www.apartments.com/falls-village-philadelphia-pa/bpbz8k9/
The Civic,JG Real Estate,844-590-5723,"1600-1650 W Girard Ave, Philadelphia, PA 19130",False,2019,88,https://www.apartments.com/the-civic-philadelphia-pa/16cseb4/
Liberty Square,Palladium,215-600-2264,"1203 Germantown Ave, Philadelphia, PA 19122",False,2018,59,https://www.apartments.com/liberty-square-philadelphia-pa/hy0hmv0/
The Pointe,Westrum Development Company,267-984-4928,"1415 N 31st St, Philadelphia, PA 19121",False,2017,50,https://www.apartments.com/the-pointe-philadelphia-pa/f7p4zcs/
The Hub At 31 Brewerytown,Westrum Development Company,844-247-2132,"1410 N 31st St, Philadelphia, PA 19121",False,2018,84,https://www.apartments.com/the-hub-at-31-brewerytown-philadelphia-pa/m3558gl/
Rittenhouse Hill,Post Brothers Apartments,844-854-3596,"633 W Rittenhouse St, Philadelphia, PA 19144",False,2013,636,https://www.apartments.com/rittenhouse-hill-philadelphia-pa/zktw8dw/
The Porter,Stamm Development Group,610-850-9955,"2940 W Thompson St, Philadelphia, PA 19121",True,2019,29,https://www.apartments.com/the-porter-philadelphia-pa/kyf9blc/
The Piazza,Post Brothers Apartments,844-414-6170,"1001 N 2nd St, Philadelphia, PA 19123",False,2006,319,https://www.apartments.com/the-piazza-philadelphia-pa/pslb7ts/
Germantown Square,Stamm Development Group,267-520-0886,"45-47 West Haines St, Philadelphia, PA 19144",True,2019,33,https://www.apartments.com/germantown-square-philadelphia-pa/jyqqn67/
West River Apartments,Rushmore Management,215-298-9737,"3601 Conshohocken Ave, Philadelphia, PA 19131",False,1965,162,https://www.apartments.com/west-river-apartments-philadelphia-pa/7c47vez/
Lennox Apartments,Altman Management Company,267-244-7209,"236 W Walnut Ln, Philadelphia, PA 19144",False,1928,155,https://www.apartments.com/lennox-apartments-philadelphia-pa/bm4swb8/
Imperial Towers,Scully Company,267-415-4725,"3801 Conshohocken Ave, Philadelphia, PA 19131",False,1969,191,https://www.apartments.com/imperial-towers-philadelphia-pa/z5m8jhw/
Adams at Presidential City,Post Brothers Apartments,844-867-4256,"3800 City Ave, Philadelphia, PA 19131",False,2017,242,https://www.apartments.com/adams-at-presidential-city-philadelphia-pa/z2dgeqx/
Penthouses at Presidential City,Post Brothers Apartments,888-814-7970,"76 Winding Dr, Philadelphia, PA 19131",False,2015,60,https://www.apartments.com/penthouses-at-presidential-city-philadelphia-pa/79brkfz/
Independence Lofts,Independence Press Building Master Tenant LLC,844-850-0651,"525-533 N 11th St, Philadelphia, PA 19123",True,1920,92,https://www.apartments.com/independence-lofts-philadelphia-pa/bxlql0b/
Jefferson at Presidential City,Post Brothers Apartments,267-774-4779,"3900 City Ave, Philadelphia, PA 19131",False,2016,241,https://www.apartments.com/jefferson-at-presidential-city-philadelphia-pa/90t98h5/
Tower Place,Scully Company,888-814-6825,"1400 Spring Garden St, Philadelphia, PA 19130",False,2013,204,https://www.apartments.com/tower-place-philadelphia-pa/bex449c/
Washington at Presidential City,Post Brothers Apartments,844-219-3966,"3902 City Ave, Philadelphia, PA 19131",False,2015,120,https://www.apartments.com/washington-at-presidential-city-philadelphia-pa/g969jkx/
1 Brown,Greystar,844-868-3774,"1 Brown St, Philadelphia, PA 19123",True,2013,245,https://www.apartments.com/1-brown-philadelphia-pa/6fxklcs/
NORTHxNORTHWEST - North Tower,Brookfield Properties Multifamily LLC,844-238-9126,"450 N 18th St, Philadelphia, PA 19130",False,2017,270,https://www.apartments.com/northxnorthwest-north-tower-philadelphia-pa/3q4dq5e/
Madison at Presidential City,Post Brothers Apartments,844-291-0497,"3800-3900 City Ave, Philadelphia, PA 19131",False,2015,265,https://www.apartments.com/madison-at-presidential-city-philadelphia-pa/ry3jv13/
Lincoln Green,Chelsea Management,866-719-1673,"4000-4040 Presidential Blvd, Philadelphia, PA 19131",False,1986,636,https://www.apartments.com/lincoln-green-philadelphia-pa/wg5fjpl/
The Granary,Greystar,215-437-3188,"1901 Callowhill St, Philadelphia, PA 19130",False,2013,229,https://www.apartments.com/the-granary-philadelphia-pa/w082d3k/
1600 Callowhill,Greystar,855-457-9340,"1600 Callowhill St, Philadelphia, PA 19130",False,2018,96,https://www.apartments.com/1600-callowhill-philadelphia-pa/smplw16/
Goldtex,Post Brothers Apartments,215-600-2233,"315 N 12th St, Philadelphia, PA 19107",False,2013,165,https://www.apartments.com/goldtex-philadelphia-pa/k40zgfc/
The Alexander,Greystar,215-309-6874,"1601 Vine St, Philadelphia, PA 19102",False,2018,277,https://www.apartments.com/the-alexander-philadelphia-pa/njfrbjm/
Crane Chinatown,The Bozzuto Group,844-223-2489,"1001 Vine St, Philadelphia, PA 19107",False,2019,150,https://www.apartments.com/crane-chinatown-philadelphia-pa/j07dm17/
Park Towne Place Apartments,Apartment Investment and Management Company,844-688-8899,"2200 Benjamin Franklin Pky, Philadelphia, PA 19130",False,1959,940,https://www.apartments.com/park-towne-place-apartments-philadelphia-pa/hczsx91/
Tacony Crossing by ONEWALL,One Wall Partners,844-861-0083,"155 E Godfrey Ave, Philadelphia, PA 19120",False,1969,498,https://www.apartments.com/tacony-crossing-by-onewall-philadelphia-pa/e1djx4m/
The View at Old City,Priderock Capital Management,703-988-2292,"401 Race St, Philadelphia, PA 19106",False,2018,216,https://www.apartments.com/the-view-at-old-city-philadelphia-pa/x1bf4wq/
Edgewater Apartments,Greystar,866-413-3978,"2323 Race St, Philadelphia, PA 19103",False,2005,287,https://www.apartments.com/edgewater-apartments-philadelphia-pa/tdb3pqb/
The Royal Athena,The Bozzuto Group,844-210-4113,"600 Righters Ferry Rd, Bala Cynwyd, PA 19004",True,2016,277,https://www.apartments.com/the-royal-athena-bala-cynwyd-pa/sy3f9q7/
Bridge on Race,Greystar,215-883-7502,"205 Race St, Philadelphia, PA 19106",True,2017,145,https://www.apartments.com/bridge-on-race-philadelphia-pa/xxf2e4n/
The View at Manayunk Apartments,M&M Management,215-330-5228,"4136-40 Mitchell St, Philadelphia, PA 19128",False,2019,72,https://www.apartments.com/the-view-at-manayunk-apartments-philadelphia-pa/rd3g7l0/
The Sterling,Apartment Investment and Management Company,215-987-2233,"1815 John F Kennedy Blvd, Philadelphia, PA 19103",False,1961,534,https://www.apartments.com/the-sterling-philadelphia-pa/crkk3bg/
The National,"BPG Real Estate Services, LLC",610-719-3296,"121 N 2nd St, Philadelphia, PA 19106",False,2018,192,https://www.apartments.com/the-national-philadelphia-pa/jxddv96/
1919 Market St.,LCOR/JV Acquisition LLC,844-481-0879,"1919 Market St, Philadelphia, PA 19103",False,2016,321,https://www.apartments.com/1919-market-st-philadelphia-pa/z6xq6wz/
The Ludlow,Greystar,215-372-1196,"1101 Ludlow St, Philadelphia, PA 19107",True,2018,322,https://www.apartments.com/the-ludlow-philadelphia-pa/lpm616f/
Vue32,The Bozzuto Group,267-293-6132,"3201 Race St, Philadelphia, PA 19104",False,2017,170,https://www.apartments.com/vue32-philadelphia-pa/v60dc8g/
The Girard,Greystar,215-372-1163,"1199 Ludlow St, Philadelphia, PA 19107",False,2018,240,https://www.apartments.com/the-girard-philadelphia-pa/xhslt9m/
The Commonwealth,"Alterra Property Group, LLC (“Alterra”)",267-297-2958,"1201 Chestnut St, Philadelphia, PA 19107",False,1980,98,https://www.apartments.com/the-commonwealth-philadelphia-pa/mcysbhk/
AQ Rittenhouse,Greystar,844-289-2042,"2021 Chestnut St, Philadelphia, PA 19103",False,2015,112,https://www.apartments.com/aq-rittenhouse-philadelphia-pa/16wpkk4/
The Collins,Greystar,844-841-5339,"1125 Sansom St, Philadelphia, PA 19107",False,2016,112,https://www.apartments.com/the-collins-philadelphia-pa/f79m92r/
The Franklin Residences,Korman Communities,215-987-3270,"834 Chestnut St, Philadelphia, PA 19107",False,1923,301,https://www.apartments.com/the-franklin-residences-philadelphia-pa/dbd8hml/
The Point At Rittenhouse Row,Pantzer Properties,844-665-0950,"1601 Sansom St, Philadelphia, PA 19103",False,1970,84,https://www.apartments.com/the-point-at-rittenhouse-row-philadelphia-pa/575estn/
The Harper,"Pearl Properties, LLC",844-269-1523,"112 S 19th St, Philadelphia, PA 19103",False,2018,225,https://www.apartments.com/the-harper-philadelphia-pa/n7y3jmq/
The Wellington,Allan Domb Real Estate,844-458-9327,"135 S 19th St, Philadelphia, PA 19103",False,1925,115,https://www.apartments.com/the-wellington-philadelphia-pa/h4qd3v1/
The Mansion at Bala,"Winther Investment, Inc.",855-217-3028,"4700 City Ave, Philadelphia, PA 19131",True,2010,276,https://www.apartments.com/the-mansion-at-bala-philadelphia-pa/48hrl8l/
The Old Quaker Building,Greystar,267-233-6695,"3514 Lancaster Ave, Philadelphia, PA 19104",False,1870,76,https://www.apartments.com/the-old-quaker-building-philadelphia-pa/6syn5rv/
Lyndon At The Curtis,Stonehenge Advisors Inc.,844-806-0858,"601 Walnut St, Philadelphia, PA 19106",True,2017,63,https://www.apartments.com/lyndon-at-the-curtis-philadelphia-pa/pw2ccrr/
Arrive University City,"FPA Multifamily, LLC",844-841-5323,"3601 Market St, Philadelphia, PA 19104",True,2016,363,https://www.apartments.com/arrive-university-city-philadelphia-pa/yl2tbxt/
The Atlantic,Post Brothers Apartments,844-774-8374,"1401 Spruce St, Philadelphia, PA 19102",False,2019,268,https://www.apartments.com/the-atlantic-philadelphia-pa/hqf41b0/
Bala Apartments,"Woodward Properties, Inc.",866-604-9519,"4920-4950 City Ave, Philadelphia, PA 19131",False,1910,152,https://www.apartments.com/bala-apartments-philadelphia-pa/jejegh7/
The Left Bank Apartments,Apartment Investment and Management Company,844-693-7245,"3131 Walnut St, Philadelphia, PA 19104",False,1929,282,https://www.apartments.com/the-left-bank-apartments-philadelphia-pa/eyzwdvp/
The Dane,CP Acquisitions 30 LLC,844-752-3041,"2201 Bryn Mawr Ave, Philadelphia, PA 19131",False,1960,231,https://www.apartments.com/the-dane-philadelphia-pa/mz3lvnk/
Locust on the Park,Apartment Investment and Management Company,267-328-4619,"201 S 25th St, Philadelphia, PA 19103",True,1911,152,https://www.apartments.com/locust-on-the-park-philadelphia-pa/lrk4fcf/
The Kelly,CP Acquisitions 30 LLC,844-280-8665,"10 Union Ave, Bala Cynwyd, PA 19004",False,2019,109,https://www.apartments.com/the-kelly-bala-cynwyd-pa/hezp011/
The Pepper Building,"Alterra Property Group, LLC (“Alterra”)",866-930-6366,"1830 Lombard St, Philadelphia, PA 19146",False,1927,183,https://www.apartments.com/the-pepper-building-philadelphia-pa/sr2b9f7/
Southstar Lofts,Apartment Investment and Management Company,267-787-6605,"521 S Broad St, Philadelphia, PA 19147",False,2014,85,https://www.apartments.com/southstar-lofts-philadelphia-pa/rxx6q00/
Hamilton Court,Stratford Management,844-316-2970,"3816-3836 S Chestnut St, Philadelphia, PA 19104",True,1915,116,https://www.apartments.com/hamilton-court-philadelphia-pa/0pj5gy2/
Chestnut Hall Apartments,Apartment Investment and Management Company,844-693-6268,"3900 Chestnut St, Philadelphia, PA 19104",False,1923,315,https://www.apartments.com/chestnut-hall-apartments-philadelphia-pa/38kt07e/
The Lofts At Chimney Hill,Neducsin Management,888-331-5207,"161 Leverington Ave, Philadelphia, PA 19127",False,1999,82,https://www.apartments.com/the-lofts-at-chimney-hill-philadelphia-pa/cmjwghg/
The LVL 4125,"Alterra Property Group, LLC (“Alterra”)",267-764-4363,"4125-4136 Chestnut St, Philadelphia, PA 19104",True,2019,141,https://www.apartments.com/the-lvl-4125-philadelphia-pa/w67tywk/
777 South Broad,Apartment Investment and Management Company,844-694-5356,"777 S Broad St, Philadelphia, PA 19147",True,2010,146,https://www.apartments.com/777-south-broad-philadelphia-pa/vfpmd3f/
Venice Lofts,JRK Property Holdings,844-762-1254,"4601 Flat Rock Rd, Philadelphia, PA 19127",False,2007,128,https://www.apartments.com/venice-lofts-philadelphia-pa/eym0g5m/
Lincoln Square,"Alterra Property Group, LLC (“Alterra”)",267-540-3084,"1000 S Broad St, Philadelphia, PA 19146",False,2018,322,https://www.apartments.com/lincoln-square-philadelphia-pa/2xrwhkb/
Lynnewood Gardens,Jersey Central Management,866-423-2952,"1950 Ashbourne Rd, Elkins Park, PA 19027",False,1945,1798,https://www.apartments.com/lynnewood-gardens-elkins-park-pa/7bjgd3y/
1200 Washington,Westrum Development Company,484-588-6981,"1200 Washington Ave, Philadelphia, PA 19147",False,2017,48,https://www.apartments.com/1200-washington-philadelphia-pa/3r6jt4d/
Cherokee,Eagle Rock Properties LLC,844-842-3318,"7715 McCallum St, Philadelphia, PA 19118",False,1954,129,https://www.apartments.com/cherokee-philadelphia-pa/bh31d59/
The Station at Manayunk,"J.G. Petrucci Co., Inc.",855-486-3356,"1 Parker Ave, Philadelphia, PA 19128",False,2014,149,https://www.apartments.com/the-station-at-manayunk-philadelphia-pa/ncwv55n/
Kardon,PMC Property Group,844-225-1926,"1801-1851 N 10th St, Philadelphia, PA 19122",False,1911,241,https://www.apartments.com/kardon-philadelphia-pa/xhevqzm/
Vantage,Asset Living,855-343-7617,"1120 Cecil B. Moore Ave, Philadelphia, PA 19122",True,2019,368,https://www.apartments.com/vantage-philadelphia-pa/6pv4stt/
Park Heights Apartments,Park Heights,844-224-2768,"5555 Wissahickon Ave, Philadelphia, PA 19144",False,1959,264,https://www.apartments.com/park-heights-apartments-philadelphia-pa/l3l449d/
Falls Bridge Lofts,Stonehenge Advisors Inc.,267-520-3396,"4328 Ridge Ave, Philadelphia, PA 19129",False,2017,46,https://www.apartments.com/falls-bridge-lofts-philadelphia-pa/vwnwvqe/
The Fairmount @ Brewerytown,Scully Company,215-372-1181,"1363 N 31st St, Philadelphia, PA 19121",False,2016,161,https://www.apartments.com/the-fairmount-brewerytown-philadelphia-pa/sdk4z77/
The Flats at 31 Brewerytown,Westrum Development Company,215-874-3627,"3100 W Thompson St, Philadelphia, PA 19121",False,2014,114,https://www.apartments.com/the-flats-at-31-brewerytown-philadelphia-pa/mhxt3vl/
Lofts 640,EB Realty Management Corp,866-662-6012,"640 N Broad St, Philadelphia, PA 19130",False,2006,265,https://www.apartments.com/lofts-640-philadelphia-pa/bwg3mxc/
Stable Lofts,North Broad Living Management,844-524-0264,"631 N Broad St, Philadelphia, PA 19123",False,2019,41,https://www.apartments.com/stable-lofts-philadelphia-pa/tzp3cnc/
Green Street Apartments,Altman Management Company,844-229-3461,"2113 Green St, Philadelphia, PA 19130",False,1920,54,https://www.apartments.com/green-street-apartments-philadelphia-pa/h9h3jz0/
Dalian on the Park,The Bozzuto Group,844-522-3991,"501 N 22nd St, Philadelphia, PA 19130",False,2016,293,https://www.apartments.com/dalian-on-the-park-philadelphia-pa/n3k3jhm/
Rock Hill Apartments,The Galman Group,215-874-0711,"205-215 Rock St, Philadelphia, PA 19128",False,1962,97,https://www.apartments.com/rock-hill-apartments-philadelphia-pa/nzcsd7q/
Greene Manor,Kettler,844-861-9139,"239-259 W Johnson St, Philadelphia, PA 19144",False,1955,378,https://www.apartments.com/greene-manor-philadelphia-pa/91kmnx6/
Lofts at Logan View,Greystar,215-989-4195,"1666-1666 Callowhill St, Philadelphia, PA 19130",False,1903,105,https://www.apartments.com/lofts-at-logan-view-philadelphia-pa/60qcywt/
One Franklin Town,Brookfield Properties Multifamily LLC,844-276-2303,"1 Franklin Town Blvd, Philadelphia, PA 19103",False,1987,335,https://www.apartments.com/one-franklin-town-philadelphia-pa/pn45x3s/
Franklin Tower Residences,PMC Property Group,844-257-9541,"200 N 16th St, Philadelphia, PA 19102",True,2019,549,https://www.apartments.com/franklin-tower-residences-philadelphia-pa/zxjdetx/
The Arch,"Alterra Property Group, LLC (“Alterra”)",844-649-2783,"1701 Arch St, Philadelphia, PA 19103",False,2012,114,https://www.apartments.com/the-arch-philadelphia-pa/vgc74ng/
The Lofts at 1835 Arch,Brookfield Properties Multifamily LLC,844-731-1049,"1835 Arch St, Philadelphia, PA 19103",False,2000,193,https://www.apartments.com/the-lofts-at-1835-arch-philadelphia-pa/2e1byf8/
the metropolitan bala,Metropolitan Management Corporation,215-687-4695,"2746 Belmont Ave, Philadelphia, PA 19131",True,1963,140,https://www.apartments.com/the-metropolitan-bala-philadelphia-pa/h9lewm1/
218 Arch Street,PMC Property Group,844-320-7836,"218 Arch St, Philadelphia, PA 19106",False,2018,144,https://www.apartments.com/218-arch-street-philadelphia-pa/wbqdzvk/
Bromley House,Lindy Property,267-297-1713,"6901-6907 Old York Rd, Philadelphia, PA 19126",False,1963,210,https://www.apartments.com/bromley-house-philadelphia-pa/2kczhhc/
Pelham Court Apartments,Rushmore Management,267-297-3250,"6803 Emlen St, Philadelphia, PA 19119",False,1928,92,https://www.apartments.com/pelham-court-apartments-philadelphia-pa/v2pbmwf/
THE GRIFFIN CENTER CITY,Greystar,844-384-8525,"1338-1348 Chestnut St, Philadelphia, PA 19107",False,2015,217,https://www.apartments.com/the-griffin-center-city-philadelphia-pa/7d7rbbx/
Vista,Greystar,844-264-0974,"2805 N 47th St, Philadelphia, PA 19131",False,1968,133,https://www.apartments.com/vista-philadelphia-pa/kybykf8/
THE SANSOM,Pantzer Properties,844-891-2280,"1605 Sansom St, Philadelphia, PA 19103",False,2013,104,https://www.apartments.com/the-sansom-philadelphia-pa/kd91bx8/
The Republic,Greystar,856-432-4241,"1930 Chestnut St, Philadelphia, PA 19103",False,1920,145,https://www.apartments.com/the-republic-philadelphia-pa/vv2dfge/
1213 Walnut,The Bozzuto Group,240-398-3581,"1213 Walnut St, Philadelphia, PA 19107",False,2017,322,https://www.apartments.com/1213-walnut-philadelphia-pa/851yr90/
2116 Chestnut,Greystar,844-307-3268,"2116 Chestnut St, Philadelphia, PA 19103",False,2013,323,https://www.apartments.com/2116-chestnut-philadelphia-pa/w8xrmsk/
Icon,Scully Company,844-810-7183,"1616 Walnut St, Philadelphia, PA 19103",False,2014,206,https://www.apartments.com/icon-philadelphia-pa/6d31ljs/
1700 Walnut Street,Turchi Inc.,888-548-7427,"1700 Walnut St, Philadelphia, PA 19103",False,1925,68,https://www.apartments.com/1700-walnut-street-philadelphia-pa/6x57ykt/
1500 Locust,The Bozzuto Group,877-870-5076,"1500-1514 Locust St, Philadelphia, PA 19102",False,1972,612,https://www.apartments.com/1500-locust-philadelphia-pa/y9hc9sv/
222 Rittenhouse,Sentinel Real Estate Corporation,844-670-2756,"222 W Rittenhouse Sq, Philadelphia, PA 19103",False,1925,101,https://www.apartments.com/222-rittenhouse-philadelphia-pa/tfkv6e8/
Furnished Rittenhouse Square One Bedroom,250 S 17th St,757-690-7092,"250 S 17th St, Philadelphia, PA 19103",True,1920,,https://www.apartments.com/furnished-rittenhouse-square-one-bedroom-philadelphia-pa/9s86gs4/
AKA University City,Korman Communities,844-233-1886,"2929 Walnut St, Philadelphia, PA 19104",False,2016,135,https://www.apartments.com/aka-university-city-philadelphia-pa/5r4q7dn/
Wynnefield Terrace,"Woodward Properties, Inc.",844-284-6689,"4991 Parkside Ave N, Philadelphia, PA 19131",False,1947,120,https://www.apartments.com/wynnefield-terrace-philadelphia-pa/58e24zq/
11 Cooper,The Michaels Organization,844-208-0532,"11 Cooper St, Camden, NJ 08102",False,2019,156,https://www.apartments.com/11-cooper-camden-nj/tgslg68/
The Drake,Brookfield Properties Multifamily LLC,844-523-6582,"1512 Spruce St, Philadelphia, PA 19102",False,1930,284,https://www.apartments.com/the-drake-philadelphia-pa/k2h3vzb/
The Axis,Altman Management Company,267-443-1952,"20 S 36th St, Philadelphia, PA 19104",True,1925,165,https://www.apartments.com/the-axis-philadelphia-pa/lwqxhqd/
Head House Flats-Abbotts Square,EB Realty Management Corp,844-530-0739,"528 S 2nd St, Philadelphia, PA 19147",True,2016,47,https://www.apartments.com/head-house-flats-abbotts-square-philadelphia-pa/hmw1n80/
Sedgwick Station,The Galman Group,267-984-4927,"303 E Mt Pleasant Ave, Philadelphia, PA 19119",False,1960,93,https://www.apartments.com/sedgwick-station-philadelphia-pa/xvqmnqm/
Oxford House Apartments,Rushmore Management,844-314-5874,"6451-6461 Oxford Ave, Philadelphia, PA 19111",False,1960,207,https://www.apartments.com/oxford-house-apartments-philadelphia-pa/b0sj6x9/
Congress Hall,Woodlake Management,844-207-3105,"5001-5023 Erringer Pl, Philadelphia, PA 19144",False,1960,71,https://www.apartments.com/congress-hall-philadelphia-pa/mn265xk/
Paseo Verde South,Altman Management Company,215-600-2256,"1950 N 9th St, Philadelphia, PA 19122",False,2013,120,https://www.apartments.com/paseo-verde-south-philadelphia-pa/1x6hct5/
The Willows at Wissahickon,Ingerman,844-235-5887,"549 Manheim St, Philadelphia, PA 19144",True,1990,228,https://www.apartments.com/the-willows-at-wissahickon-philadelphia-pa/t0thpz9/
Hagert Lofts,Odin Properties,215-839-0853,"1821 E Hagert St, Philadelphia, PA 19125",False,2017,54,https://www.apartments.com/hagert-lofts-philadelphia-pa/kyh9jbc/
Birchwood Hill Apartments,Altman Management Company,844-300-5402,"5115 Wissahickon Ave, Philadelphia, PA 19144",False,1966,78,https://www.apartments.com/birchwood-hill-apartments-philadelphia-pa/qz5nzpx/
Scotts Mills,Odin Properties,267-787-6893,"3510-3530 Scotts Ln, Philadelphia, PA 19129",False,1940,111,https://www.apartments.com/scotts-mills-philadelphia-pa/zcppnly/
Carlton Park,Kettler,844-793-5202,"2920 Midvale Ave, Philadelphia, PA 19129",False,1942,117,https://www.apartments.com/carlton-park-philadelphia-pa/30psygg/
The Brownstones at Diamond Street,Pennrose Management Company,267-592-3718,"3200 W Diamond St, Philadelphia, PA 19121",False,1928,49,https://www.apartments.com/the-brownstones-at-diamond-street-philadelphia-pa/v2fe77g/
Cloverly Park Apartments,The Quaker Group,215-268-6038,"437-445 W School House Ln, Philadelphia, PA 19144",True,1920,52,https://www.apartments.com/cloverly-park-apartments-philadelphia-pa/74bb81y/
The Umbrella Building,Core Realty,609-299-1833,"1401 N 5th St, Philadelphia, PA 19122",True,2018,181,https://www.apartments.com/the-umbrella-building-philadelphia-pa/pr88lzt/
Apartments @ 1220,Pintzuk Brown Realty Group,844-713-3267,"1220-1246 N Broad St, Philadelphia, PA 19121",True,1940,294,https://www.apartments.com/apartments-1220-philadelphia-pa/p17l0zr/
Hathaway House,Scully Company,267-297-0028,"515 W Chelten Ave, Philadelphia, PA 19144",False,1968,138,https://www.apartments.com/hathaway-house-philadelphia-pa/kst7mfc/
The Grand Corinthian,JG Real Estate,844-369-7344,"909 Corinthian Ave, Philadelphia, PA 19130",False,1911,22,https://www.apartments.com/the-grand-corinthian-philadelphia-pa/nvmrrnm/
The Becker Building,Core Realty,267-592-3667,"1151-1161 N 3rd St, Philadelphia, PA 19123",False,2007,40,https://www.apartments.com/the-becker-building-philadelphia-pa/tzs41rb/
The Lofts at Brewerytown,Pennrose Management Company,844-685-8360,"3000 W Master St, Philadelphia, PA 19121",False,2005,61,https://www.apartments.com/the-lofts-at-brewerytown-philadelphia-pa/l5tyhzd/
Divine Lorraine,EB Realty Management Corp,215-583-3298,"699 N Broad St, Philadelphia, PA 19123",False,1894,101,https://www.apartments.com/divine-lorraine-philadelphia-pa/vf4tx5e/
Four Freedoms House- Seniors 62 yrs and older,"Prudent Property Managers, Inc.",215-399-1029,"6101 Morris St, Philadelphia, PA 19144",False,1965,282,https://www.apartments.com/four-freedoms-house-seniors-62-yrs-and-older-philadelphia-pa/9x9g5e6/
Greenbriar Club Apartments,"Sigma Management Co., Inc",877-478-2749,"3901 Conshohocken Ave, Philadelphia, PA 19131",False,1970,346,https://www.apartments.com/greenbriar-club-apartments-philadelphia-pa/fvhvnwr/
Mural Lofts,EB Realty Management Corp,844-475-9022,"523 N Broad St, Philadelphia, PA 19123",True,2015,59,https://www.apartments.com/mural-lofts-philadelphia-pa/1ln4mn6/
Copley Manor Apartments,Northwest Philadelphia Real Estate Services,267-297-4849,"121-123 W Tulpehocken St, Philadelphia, PA 19144",False,1929,93,https://www.apartments.com/copley-manor-apartments-philadelphia-pa/nset86q/
Academia Suites,Lindy Property,844-213-5625,"1100 W Godfrey St, Philadelphia, PA 19141",True,1965,112,https://www.apartments.com/academia-suites-philadelphia-pa/bt3shz9/
Stevenson Terrace Apartments,Altman Management Company,215-987-6527,"6201 N 10th St, Philadelphia, PA 19141",False,1967,148,https://www.apartments.com/stevenson-terrace-apartments-philadelphia-pa/1pnzge4/
NORTHxNORTHWEST - Northwest Tower,Brookfield Properties Multifamily LLC,267-463-2843,"500 N 18th St, Philadelphia, PA 19130",False,1987,286,https://www.apartments.com/northxnorthwest-northwest-tower-philadelphia-pa/4wlm53l/
Phillip Murray House,"Prudent Property Managers, Inc.",215-395-8363,"6300 Old York Rd, Philadelphia, PA 19141",False,,316,https://www.apartments.com/phillip-murray-house-philadelphia-pa/gjvc95z/
The Packard Motor Car Building,Reinhold Residential,215-989-4182,"317-321 N Broad St, Philadelphia, PA 19107",False,1925,151,https://www.apartments.com/the-packard-motor-car-building-philadelphia-pa/561epbq/
Hillside Garden,Mathias Deutsch,844-702-9114,"6060 Crescentville Rd, Philadelphia, PA 19120",False,1969,200,https://www.apartments.com/hillside-garden-philadelphia-pa/yqxjmkr/
Walnut Court Apartments,Chelsea Management,844-269-1503,"685 W Walnut Ln, Philadelphia, PA 19144",False,1949,28,https://www.apartments.com/walnut-court-apartments-philadelphia-pa/gmny23z/
The Lofts at 509 Vine,Stonehenge Advisors Inc.,844-210-9479,"509 Vine St, Philadelphia, PA 19106",False,1929,44,https://www.apartments.com/the-lofts-at-509-vine-philadelphia-pa/zy4wx0z/
Penn's View,"Brandywine Construction & Management, Inc.",844-475-3069,"303 Vine St, Philadelphia, PA 19106",False,1901,51,https://www.apartments.com/penns-view-philadelphia-pa/xkhzb9p/
Manayunk Garden Apartments,Altman Management Company,844-547-3603,"3901 Manayunk Ave, Philadelphia, PA 19128",False,1965,105,https://www.apartments.com/manayunk-garden-apartments-philadelphia-pa/jz2t5g4/
The Chocolate Works,Reinhold Residential,215-989-4184,"231-247 N 3rd St, Philadelphia, PA 19106",False,1911,135,https://www.apartments.com/the-chocolate-works-philadelphia-pa/3b90emf/
The Metropolitan,Reinhold Residential,215-789-9403,"117 N 15th St, Philadelphia, PA 19102",False,1926,121,https://www.apartments.com/the-metropolitan-philadelphia-pa/fmqqvsr/
410 Shurs Lane,"Sovereign Property Management, LLC",844-840-7629,"410 Shurs Ln, Philadelphia, PA 19127",False,2016,38,https://www.apartments.com/410-shurs-lane-philadelphia-pa/fs58ghs/
The Belmont Apartments,Woodlake Management,844-757-1587,"4401 Conshohocken Ave, Philadelphia, PA 19131",False,1967,89,https://www.apartments.com/the-belmont-apartments-philadelphia-pa/zee7vmx/
Melrose Park Manor,Altman Management Company,844-349-8884,"210 W Cheltenham Ave, Philadelphia, PA 19126",False,1965,84,https://www.apartments.com/melrose-park-manor-philadelphia-pa/bx7y4db/
Carriage House,University Communities,215-253-3411,"3500 Powelton Ave, Philadelphia, PA 19104",True,1895,165,https://www.apartments.com/carriage-house-philadelphia-pa/bmjte18/
Sedgwick Gardens,Lindy Property,844-233-3538,"440 W Sedgwick St, Philadelphia, PA 19119",False,1944,68,https://www.apartments.com/sedgwick-gardens-philadelphia-pa/29j1gnc/
Bank Street Court,"Brandywine Construction & Management, Inc.",267-443-1965,"24-30 S Bank St, Philadelphia, PA 19106",False,1854,59,https://www.apartments.com/bank-street-court-philadelphia-pa/d6qjbgl/
Donna Court Apartments,The Galman Group,267-764-4634,"631 Dupont St, Philadelphia, PA 19128",False,1967,44,https://www.apartments.com/donna-court-apartments-philadelphia-pa/tv4yp6b/
Dupont Towers,The Galman Group,267-603-8675,"6100 Henry Ave, Philadelphia, PA 19128",False,1960,104,https://www.apartments.com/dupont-towers-philadelphia-pa/drqrhcj/
2400 Chestnut St.,2400 Chestnut,844-801-8109,"2400 Chestnut St, Philadelphia, PA 19103",True,1979,368,https://www.apartments.com/2400-chestnut-st-philadelphia-pa/zqgzz2x/
The Link at University City,"CA Ventures, LLC",844-699-1840,"3600-3630 Lancaster Ave, Philadelphia, PA 19104",True,2019,126,https://www.apartments.com/the-link-at-university-city-philadelphia-pa/f0nhpcs/
The Chatham,Michael Singer Real Estate,844-390-9470,"135 S 20th St, Philadelphia, PA 19103",False,1927,93,https://www.apartments.com/the-chatham-philadelphia-pa/918dxc7/
Rittenhouse Claridge,Kaiserman Company,844-513-0268,"201 S 18th St, Philadelphia, PA 19103",False,1951,455,https://www.apartments.com/rittenhouse-claridge-philadelphia-pa/dk9gwtl/
Melrose Station,First Montgomery Group,267-415-4798,"902 Valley Rd, Melrose Park, PA 19027",False,1955,137,https://www.apartments.com/melrose-station-melrose-park-pa/xnqqdqn/
Leverington Court Apartments,The Galman Group,267-730-3901,"631 Leverington Ave, Philadelphia, PA 19128",False,1962,46,https://www.apartments.com/leverington-court-apartments-philadelphia-pa/5r9pdlm/
Evo at Cira Centre South,Asset,215-645-4418,"2930 Chestnut St, Philadelphia, PA 19104",True,2014,850,https://www.apartments.com/evo-at-cira-centre-south-philadelphia-pa/sjv12e7/
Rittenhouse Square,OCF Realty LLC,844-407-3460,"1501 Locust St, Philadelphia, PA 19102",False,1947,29,https://www.apartments.com/rittenhouse-square-philadelphia-pa/6bkdzfv/
Lawndale Apartments,Royal Communities,844-826-8696,"6000 Tabor Ave, Philadelphia, PA 19111",False,1947,85,https://www.apartments.com/lawndale-apartments-philadelphia-pa/6zq2xyt/
Roosevelt,Rushmore Management,844-803-8429,"2220 Walnut St, Philadelphia, PA 19103",True,1915,101,https://www.apartments.com/roosevelt-philadelphia-pa/kwhwv29/
The Riverloft,Apartment Investment and Management Company,215-987-2234,"2300 Walnut St, Philadelphia, PA 19103",False,1910,184,https://www.apartments.com/the-riverloft-philadelphia-pa/jjsmwp7/
Canal House,"Brandywine Construction & Management, Inc.",215-987-2253,"4312 Main St, Philadelphia, PA 19127",False,1847,81,https://www.apartments.com/canal-house-philadelphia-pa/jcyjc66/
Juniper Place,Michael Singer Real Estate,844-350-0533,"247-249 S Juniper St, Philadelphia, PA 19107",False,1922,51,https://www.apartments.com/juniper-place-philadelphia-pa/89cqne1/
the metropolitan wynnefield,Metropolitan Management Corporation,215-392-4516,"5000 Woodbine Ave, Philadelphia, PA 19131",False,1973,50,https://www.apartments.com/the-metropolitan-wynnefield-philadelphia-pa/s3qjyr4/
Westbury,University City Housing,484-805-0368,"271 S 15th St, Philadelphia, PA 19102",False,1928,106,https://www.apartments.com/westbury-philadelphia-pa/wm05w9h/
Westfield Apartments,The Galman Group,267-953-8065,"2237 Bryn Mawr Ave, Philadelphia, PA 19131",False,1960,53,https://www.apartments.com/westfield-apartments-philadelphia-pa/4yemsch/
Spruce Apartments,Brick Management,484-483-1881,"1023-1028 Spruce St, Philadelphia, PA 19107",False,1900,,https://www.apartments.com/spruce-apartments-philadelphia-pa/zx0n4dx/
Domus,"UDR, Inc.",888-923-5149,"3411 Chestnut St, Philadelphia, PA 19104",False,2008,290,https://www.apartments.com/domus-philadelphia-pa/mrvbv0l/
Touraine,Spruce Street Commons,267-772-5809,"1520 Spruce St, Philadelphia, PA 19102",False,1917,132,https://www.apartments.com/touraine-philadelphia-pa/7fs0qcy/
The Isle,The Bozzuto Group,844-295-5658,"1 Cotton St, Philadelphia, PA 19127",False,2017,156,https://www.apartments.com/the-isle-philadelphia-pa/py315bs/
Bryn Mawr Suites Apartments,"Woodward Properties, Inc.",844-857-5956,"5100 Lebanon Ave, Philadelphia, PA 19131",False,1959,112,https://www.apartments.com/bryn-mawr-suites-apartments-philadelphia-pa/dxf7etj/
The Claridge,Shapiro Property Management,844-688-2687,"319 S 10th St, Philadelphia, PA 19107",False,1925,17,https://www.apartments.com/the-claridge-philadelphia-pa/xepv80p/
The Victor,The Bozzuto Group,609-250-2789,"1 Market St, Camden, NJ 08102",True,1906,341,https://www.apartments.com/the-victor-camden-nj/9nmzzq7/
Waverly Court Apartments,OCF Realty LLC,844-235-4065,"412-426 S 13th St, Philadelphia, PA 19147",False,2016,61,https://www.apartments.com/waverly-court-apartments-philadelphia-pa/jcr30n4/
101 City Apartments,Goodman Properties,844-205-0003,"101 W City Ave, Bala Cynwyd, PA 19004",False,2013,25,https://www.apartments.com/101-city-apartments-bala-cynwyd-pa/lxt37kg/
The Pierre,Hesta Management LLC,609-284-9855,"306 Cooper St, Camden, NJ 08102",False,2019,32,https://www.apartments.com/the-pierre-camden-nj/3j4tv6f/
The Bradford,OCF Realty LLC,844-268-9913,"507-515 S 8th St, Philadelphia, PA 19147",False,2017,26,https://www.apartments.com/the-bradford-philadelphia-pa/lbvw35g/
Fairview Arms Apartments,"Woodward Properties, Inc.",844-215-8861,"5201-5219 Wynnefield Ave, Philadelphia, PA 19131",False,1925,45,https://www.apartments.com/fairview-arms-apartments-philadelphia-pa/9m9lkx6/
227 Krams Ave,"Sovereign Property Management, LLC",877-625-5615,"227 Krams Ave, Philadelphia, PA 19127",False,2018,24,https://www.apartments.com/227-krams-ave-philadelphia-pa/j7yccr5/
One Montgomery Avenue Apartments,Marks & Co.,844-257-9933,"1 Montgomery Ave, Bala Cynwyd, PA 19004",False,1964,46,https://www.apartments.com/one-montgomery-avenue-apartments-bala-cynwyd-pa/6j956br/
Walnut Hill Apartments,"Campus Apartments, Inc.",844-634-2138,"4111 Walnut St, Philadelphia, PA 19104",False,1926,82,https://www.apartments.com/walnut-hill-apartments-philadelphia-pa/k4e1dj8/
Edgehill Court Apartments,"Woodward Properties, Inc.",844-285-5072,"25 Old Lancaster Rd, Bala Cynwyd, PA 19004",False,1960,37,https://www.apartments.com/edgehill-court-apartments-bala-cynwyd-pa/kelssnc/
Princeton Gardens,Westwood Services Company,844-766-1560,"7330 Germantown Ave, Philadelphia, PA 19119",False,1951,36,https://www.apartments.com/princeton-gardens-philadelphia-pa/011cer0/
Netherlands,Brick Management,844-570-4912,"4300 Chestnut St, Philadelphia, PA 19104",False,1907,63,https://www.apartments.com/netherlands-philadelphia-pa/1mv74l5/
Dockside Luxury Apartments,The DePaul Group,844-284-3109,"717 S Christopher Columbus Blvd, Philadelphia, PA 19147",True,2003,242,https://www.apartments.com/dockside-luxury-apartments-philadelphia-pa/s4ghtr4/
the metropolitan bala cynwyd,Metropolitan Management Corporation,484-652-8880,"118 Montgomery Ave, Bala Cynwyd, PA 19004",False,1954,50,https://www.apartments.com/the-metropolitan-bala-cynwyd-bala-cynwyd-pa/m4np82l/
Catherine Street Chase,Knickerbocker Properties,844-701-3916,"324-340 Catharine St, Philadelphia, PA 19147",False,1915,36,https://www.apartments.com/catherine-street-chase-philadelphia-pa/yqgg4yv/
Audubon Apartments,Royal Communities,844-207-5252,"6242 Roosevelt Blvd, Philadelphia, PA 19149",False,1951,210,https://www.apartments.com/audubon-apartments-philadelphia-pa/5l6nw2n/
Westwood,Westwood Apartments,844-544-7205,"4404 Walnut St, Philadelphia, PA 19104",False,1925,59,https://www.apartments.com/westwood-philadelphia-pa/wb30bdj/
Ridgeview Apartments,The Galman Group,844-677-6467,"6725 Ridge Ave, Philadelphia, PA 19128",False,1964,96,https://www.apartments.com/ridgeview-apartments-philadelphia-pa/tsg2l5c/
Cramer Hill Apartments & Townhomes,Corsa Management,844-830-7142,"3408 River Rd, Camden, NJ 08105",False,1934,360,https://www.apartments.com/cramer-hill-apartments-townhomes-camden-nj/dvmgvhj/
U City Flats,Altman Management Company,267-443-6009,"4612-4620 Sansom St, Philadelphia, PA 19139",False,2016,42,https://www.apartments.com/u-city-flats-philadelphia-pa/ncc6h5m/
Spruce Hill Court,"Campus Apartments, Inc.",877-631-3143,"4400 Spruce St, Philadelphia, PA 19104",False,,33,https://www.apartments.com/spruce-hill-court-philadelphia-pa/fjsv6ht/
Florence Gardens,Altman Management Company,844-211-4255,"506 S 41st St, Philadelphia, PA 19104",False,1930,56,https://www.apartments.com/florence-gardens-philadelphia-pa/7pzjmlz/
Canterbury Apartments,The Galman Group,215-874-8234,"33 E Roumfort Rd, Philadelphia, PA 19119",False,1948,48,https://www.apartments.com/canterbury-apartments-philadelphia-pa/v21sn8d/
Wadsworth Manor,Woodlake Management,844-280-2359,"1100-1117 E Mount Airy Ave, Philadelphia, PA 19150",False,1980,112,https://www.apartments.com/wadsworth-manor-philadelphia-pa/7nqmfbz/
West Loft Apartments,Stonehenge Advisors Inc.,281-506-2586,"4700 Walnut St, Philadelphia, PA 19139",False,2017,139,https://www.apartments.com/west-loft-apartments-philadelphia-pa/wlt98hj/
4519-4525 Pine St,Brick Management,844-322-7938,"4519-4525 Pine St, Philadelphia, PA 19143",False,1900,15,https://www.apartments.com/4519-4525-pine-st-philadelphia-pa/6ppl4dr/
Elkins Park Gardens,Altman Management Company,855-825-7571,"8000 High School Rd, Elkins Park, PA 19027",False,1953,50,https://www.apartments.com/elkins-park-gardens-elkins-park-pa/h9838s3/
Ridge Court Apartments,The Galman Group,267-685-9696,"7014 Ridge Ave, Philadelphia, PA 19128",False,1963,66,https://www.apartments.com/ridge-court-apartments-philadelphia-pa/1fjwpm6/
Chestnut Terrace Apartments,The Galman Group,844-837-6890,"7412 Stenton Ave, Philadelphia, PA 19150",False,1960,42,https://www.apartments.com/chestnut-terrace-apartments-philadelphia-pa/f5c586v/
Garden Court Plaza,Spruce Street Commons,844-294-6987,"4701 Pine St, Philadelphia, PA 19143",False,1930,162,https://www.apartments.com/garden-court-plaza-philadelphia-pa/8ws64l2/
Q Wayne Gardens,MCM Management Solution,844-639-0695,"5220-5224 Wayne Ave, Philadelphia, PA 19144",False,1928,95,https://www.apartments.com/q-wayne-gardens-philadelphia-pa/3xzf41d/
Vernon House - A 62 & Older Community,Pennrose Management Company,267-443-1945,"3226 Clifford St, Philadelphia, PA 19121",False,1925,68,https://www.apartments.com/vernon-house-a-62-older-community-philadelphia-pa/m3xw6bk/
Iron Mill Lofts,Barzilay Development,856-282-2926,"1156-60 N 3rd St, Philadelphia, PA 19123",False,2014,12,https://www.apartments.com/iron-mill-lofts-philadelphia-pa/q5z9mgz/
"Maple Village ""62 + Community""",Pennrose Management Company,215-600-2262,"22 W Rittenhouse St, Philadelphia, PA 19144",False,2002,70,https://www.apartments.com/maple-village-62-community-philadelphia-pa/z4ljpmz/
Liberties Walk,Post Brothers Apartments,844-475-6299,"1022-1030 N 2nd St, Philadelphia, PA 19123",False,2004,70,https://www.apartments.com/liberties-walk-philadelphia-pa/phsrvys/
Schoolhouse Lofts,JG Real Estate,844-890-1299,"109 W Wildey St, Philadelphia, PA 19123",False,2005,45,https://www.apartments.com/schoolhouse-lofts-philadelphia-pa/29pbsqc/
Walnut Terrace,REAL Properties,610-616-5789,"401 W Walnut Ln, Philadelphia, PA 19144",False,1927,122,https://www.apartments.com/walnut-terrace-philadelphia-pa/3qvj80d/
Del Campo,Post Brothers Apartments,267-592-3158,"1011 N Hancock St, Philadelphia, PA 19123",False,2006,33,https://www.apartments.com/del-campo-philadelphia-pa/m68d8bj/
Regency House,Lindy Property,267-297-1716,"6301-6341 N 10th St, Philadelphia, PA 19141",False,1960,93,https://www.apartments.com/regency-house-philadelphia-pa/3pyj3bd/
Upsal Gardens,REAL Properties,215-253-3916,"246 W Upsal St, Philadelphia, PA 19119",False,1926,146,https://www.apartments.com/upsal-gardens-philadelphia-pa/zgkdtey/
Yarn Factory Lofts,Barzilay Development,844-240-5723,"3715 Main St, Philadelphia, PA 19127",True,2018,50,https://www.apartments.com/yarn-factory-lofts-philadelphia-pa/htyf4l0/
Pastorius Court,Imperial Property Management,347-547-3512,"6600 Lincoln Dr, Philadelphia, PA 19119",False,1925,42,https://www.apartments.com/pastorius-court-philadelphia-pa/9e0wl57/
McCallum Apartments,The Galman Group,215-458-5595,"6635 Mccallum St, Philadelphia, PA 19119",False,1926,88,https://www.apartments.com/mccallum-apartments-philadelphia-pa/x7kfbdp/
West Village Powelton,JG Real Estate,844-556-1645,"3201-3223 Powelton Ave, Philadelphia, PA 19104",False,1915,32,https://www.apartments.com/west-village-powelton-philadelphia-pa/x40r98p/
Brentwood,Pennrose Management Company,215-987-6406,"4130-4140 Parkside Ave, Philadelphia, PA 19104",False,1915,43,https://www.apartments.com/brentwood-philadelphia-pa/bhccbn9/
Inglis Gardens at Belmont,Regan Development,844-249-8331,"2560-2566 Belmont Ave, Philadelphia, PA 19131",False,2016,80,https://www.apartments.com/inglis-gardens-at-belmont-philadelphia-pa/60tnyqs/
Carver Hall Gardens,MCM Management Solution,844-790-5918,"4840 Oxford Ave, Philadelphia, PA 19124",False,1928,60,https://www.apartments.com/carver-hall-gardens-philadelphia-pa/mgb3z1k/
Washington Lane Apartments,Chelsea Management,844-225-6940,"6201-6221 Crittenden St, Philadelphia, PA 19138",False,1951,75,https://www.apartments.com/washington-lane-apartments-philadelphia-pa/7sqxlbz/
West Village Spring Garden,JG Real Estate,856-209-2794,"3823 Spring Garden St, Philadelphia, PA 19104",False,1917,46,https://www.apartments.com/west-village-spring-garden-philadelphia-pa/lhtlxvd/
Oxford Apartments,Mathias Deutsch,844-203-2790,"5051 Oxford Ave, Philadelphia, PA 19124",False,1940,122,https://www.apartments.com/oxford-apartments-philadelphia-pa/5eg36jp/
The Willows at Pyne Poynt,Ingerman,609-403-0238,"450 Erie St, Camden, NJ 08102",False,2012,40,https://www.apartments.com/the-willows-at-pyne-poynt-camden-nj/jerjh75/
The Chancellor,"Chancellor Properties, Inc.",215-372-1441,"206 S 13th St, Philadelphia, PA 19107",False,1928,212,https://www.apartments.com/the-chancellor-philadelphia-pa/dr3wcqh/
The Cosmoplitan,Rampart Holdings Inc,844-656-4362,"211 S 12th St, Philadelphia, PA 19107",False,1896,191,https://www.apartments.com/the-cosmoplitan-philadelphia-pa/9dyqc57/
Annex,Spruce Street Commons,267-313-0039,"1516-1518 Spruce St, Philadelphia, PA 19102",False,2012,21,https://www.apartments.com/annex-philadelphia-pa/jmrb837/
Llanberris Apartments,Marks & Co.,844-752-5234,"101 Conshohocken State Rd, Bala Cynwyd, PA 19004",False,1950,21,https://www.apartments.com/llanberris-apartments-bala-cynwyd-pa/fsgwd7r/
Sevilla Court,University City Housing,267-518-3447,"32 Conshohocken State Rd, Bala Cynwyd, PA 19004",False,1940,25,https://www.apartments.com/sevilla-court-bala-cynwyd-pa/1tlhbe6/
Korman Residential at 3737 Chestnut,Korman Residential Properties,267-884-0756,"3737 Chestnut St, Philadelphia, PA 19104",True,2015,276,https://www.apartments.com/korman-residential-at-3737-chestnut-philadelphia-pa/4dn8nnj/
Fitler Commons,Michael Singer Real Estate,844-262-2666,"2300-2318 Pine St, Philadelphia, PA 19103",False,1930,39,https://www.apartments.com/fitler-commons-philadelphia-pa/ygqsxpv/
Oakland Terrace Apartments,Chelsea Management,267-774-4819,"6063 Roosevelt Blvd, Philadelphia, PA 19149",False,1963,78,https://www.apartments.com/oakland-terrace-apartments-philadelphia-pa/e03nq7n/
Bainbridge Lofts,Odin Properties,267-380-5731,"715 S 3rd St, Philadelphia, PA 19147",False,1915,13,https://www.apartments.com/bainbridge-lofts-philadelphia-pa/v8h3j9e/
Sanctuary Lofts,Barzilay Development,844-236-9725,"2321 Fitzwater St, Philadelphia, PA 19146",False,2014,30,https://www.apartments.com/sanctuary-lofts-philadelphia-pa/337lkrd/
4602 Canton,MGMT Residential,844-234-7356,"4602 Canton St, Philadelphia, PA 19127",False,2019,36,https://www.apartments.com/4602-canton-philadelphia-pa/4bdm8zl/
6615 Ridge,MGMT Residential,844-264-3857,"6615 Ridge Ave, Philadelphia, PA 19128",False,2019,20,https://www.apartments.com/6615-ridge-philadelphia-pa/42z6p9j/
Mount Airy Manor,Chelsea Management,855-512-7761,"315-333 E Mount Airy Ave, Philadelphia, PA 19119",False,1960,66,https://www.apartments.com/mount-airy-manor-philadelphia-pa/m0vr6lk/
The Standard at Spruce Hill,Barzilay Development,855-346-5704,"4311 Spruce St, Philadelphia, PA 19104",False,,79,https://www.apartments.com/the-standard-at-spruce-hill-philadelphia-pa/w7g29bj/
Birchwood at Cedars Village (55+ Community),Ingerman,855-620-0510,"921-931 Ellsworth St, Philadelphia, PA 19147",False,2013,64,https://www.apartments.com/birchwood-at-cedars-village-55-community-philadelphia-pa/088rje2/
The Universal Properties,Pennrose Management Company,267-439-4801,"1601 Federal St, Philadelphia, PA 19146",False,1915,161,https://www.apartments.com/the-universal-properties-philadelphia-pa/qkk1d8y/
3605 N 8th St Unit 2,,267-300-9194,"3605 N 8th St, Philadelphia, PA 19140",False,1915,161,https://www.apartments.com/3605-n-8th-st-philadelphia-pa-unit-2/z8yxj6y/
3761 N 18th St Unit 3 Fl,,267-380-5651,"3761 N 18th St, Philadelphia, PA 19140",False,1915,161,https://www.apartments.com/3761-n-18th-st-philadelphia-pa-unit-3-fl/sdd47b7/
,,,,,,,
,,,,,,,
,,,,,,,
,,,,,,,
,,,,,,,
,,,,,,,
,,,,,,,
,,,,,,,
,,,,,,,
,,,,,,,
,,,,,,,
,,,,,,,
,,,,,,,
,,,,,,,
,,,,,,,
,,,,,,,
,,,,,,,
,,,,,,,
,,,,,,,
,,,,,,,
,,,,,,,
,,,,,,,
,,,,,,,
,,,,,,,
,,,,,,,
,,,,,,,
,,,,,,,
,,,,,,,
,,,,,,,
,,,,,,,
,,,,,,,
,,,,,,,
,,,,,,,
,,,,,,,
,,,,,,,
,,,,,,,
,,,,,,,
,,,,,,,
,,,,,,,
,,,,,,,
,,,,,,,
,,,,,,,
,,,,,,,
,,,,,,,
,,,,,,,
,,,,,,,
,,,,,,,
,,,,,,,
,,,,,,,
,,,,,,,
,,,,,,,
,,,,,,,
,,,,,,,
,,,,,,,
,,,,,,,
,,,,,,,
,,,,,,,
,,,,,,,
,,,,,,,
,,,,,,,
,,,,,,,
,,,,,,,
2003 Tulip St,,267-495-4313,"2003 Tulip St, Philadelphia, PA 19125",False,,,https://www.apartments.com/2003-tulip-st-philadelphia-pa/q8xkfrz/
2304 E Dakota St,,267-669-0025,"2304 E Dakota St, Philadelphia, PA 19125",False,,,https://www.apartments.com/2304-e-dakota-st-philadelphia-pa/733nf6w/
5416 N 11th St,,267-296-1411,"5416 N 11th St, Philadelphia, PA 19141",False,,,https://www.apartments.com/5416-n-11th-st-philadelphia-pa/c7vrzzd/
2037 N College Ave Unit C,,610-850-9996,"2037 N College Ave, Philadelphia, PA 19121",False,,,https://www.apartments.com/2037-n-college-ave-philadelphia-pa-unit-c/j5xh5q5/
1232 N Carlisle St Unit 3,,844-245-8771,"1232 N Carlisle St, Philadelphia, PA 19121",False,,,https://www.apartments.com/1232-n-carlisle-st-philadelphia-pa-unit-3/cy6zs9f/
1237 N 15th St Unit 2,,732-589-7292,"1237 N 15th St, Philadelphia, PA 19121",False,,,https://www.apartments.com/1237-n-15th-st-philadelphia-pa-unit-2/4thxrzh/
2220 Master St Unit 10,,844-894-0835,"2220 Master St, Philadelphia, PA 19121",False,,,https://www.apartments.com/2220-master-st-philadelphia-pa-unit-10/g7v3lsy/
1319 N 6th St Unit 1F,,484-388-5673,"1319 N 6th St, Philadelphia, PA 19122",False,,,https://www.apartments.com/1319-n-6th-st-philadelphia-pa-unit-1f/4dfxtej/
1317 N 7th St Unit 3,,215-234-3603,"1317 N 7th St, Philadelphia, PA 19122",False,,,https://www.apartments.com/1317-n-7th-st-philadelphia-pa-unit-3/6m13v1v/
1518 Frankford Ave Unit 3,,844-657-9572,"1518 Frankford Ave, Philadelphia, PA 19125",False,,,https://www.apartments.com/1518-frankford-ave-philadelphia-pa-unit-3/9m9z3l6/
1314 N Front St Unit 5,,267-457-4463,"1314 N Front St, Philadelphia, PA 19122",False,,,https://www.apartments.com/1314-n-front-st-philadelphia-pa-unit-5/w6tcbpk/
1139 N 4th St Unit 3A,,484-253-3127,"1139 N 4th St, Philadelphia, PA 19123",False,,,https://www.apartments.com/1139-n-4th-st-philadelphia-pa-unit-3a/1l549f5/
1139 N 4th St Unit 2C,,267-592-3728,"1139 N 4th St, Philadelphia, PA 19123",False,,,https://www.apartments.com/1139-n-4th-st-philadelphia-pa-unit-2c/jxdtc84/
,,,,,,,
,,,,,,,
,,,,,,,
,,,,,,,
,,,,,,,
,,,,,,,
821 N 15th St Unit 2,,,"821 N 15th St, Philadelphia, PA 19130",False,,,https://www.apartments.com/821-n-15th-st-philadelphia-pa-unit-2/1t6jxr7/
4123 K St,,443-445-0665,"4123 K St, Philadelphia, PA 19124",False,,,https://www.apartments.com/4123-k-st-philadelphia-pa/d08y7hj/
1257 N Newkirk St Unit 2,,215-709-0211,"1257 N Newkirk St, Philadelphia, PA 19121",False,,,https://www.apartments.com/1257-n-newkirk-st-philadelphia-pa-unit-2/plkcgxr/
832 N 19th St,,844-666-3787,"832 N 19th St, Philadelphia, PA 19130",False,,,https://www.apartments.com/832-n-19th-st-philadelphia-pa/l0vgddf/
881 N 23rd St Unit 2,,267-824-2276,"881 N 23rd St, Philadelphia, PA 19130",False,,,https://www.apartments.com/881-n-23rd-st-philadelphia-pa-unit-2/qjxb8hy/
1265 N Newkirk St Unit F,,267-332-1377,"1265 N Newkirk St, Philadelphia, PA 19121",False,,,https://www.apartments.com/1265-n-newkirk-st-philadelphia-pa-unit-f/5fdhpzn/
1439 Brown St Unit 2,,844-313-8869,"1439 Brown St, Philadelphia, PA 19130",False,,,https://www.apartments.com/1439-brown-st-philadelphia-pa-unit-2/5wmg0em/
1040 N 4th St Unit 2R,,,"1040 N 4th St, Philadelphia, PA 19123",False,,,https://www.apartments.com/1040-n-4th-st-philadelphia-pa-unit-2r/gv7t2fw/
1140 N American St Unit 308,,267-606-0867,"1140 N American St, Philadelphia, PA 19123",False,,,https://www.apartments.com/1140-n-american-st-philadelphia-pa-unit-308/2j2jsh9/
1136 N American St Unit 304,,844-821-2512,"1136 N American St, Philadelphia, PA 19123",False,,,https://www.apartments.com/1136-n-american-st-philadelphia-pa-unit-304/jd2hl85/
1136 N American St Unit 312,,844-302-0635,"1136 N American St, Philadelphia, PA 19123",False,,,https://www.apartments.com/1136-n-american-st-philadelphia-pa-unit-312/yt9tvgs/
2221 Myrtle St,,484-577-8082,"2221 Myrtle St, Philadelphia, PA 19130",False,,,https://www.apartments.com/2221-myrtle-st-philadelphia-pa/fz67fvt/
854 N 22nd St Unit 3 fl,,267-824-2287,"854 N 22nd St, Philadelphia, PA 19130",False,,,https://www.apartments.com/854-n-22nd-st-philadelphia-pa-unit-3-fl/h7jk8n0/
1213 Shackamaxon St Unit 4,,267-603-4543,"1213 Shackamaxon St, Philadelphia, PA 19125",False,,,https://www.apartments.com/1213-shackamaxon-st-philadelphia-pa-unit-4/rqplmh3/
2550 E Somerset St Unit 2ND F,,,"2550 E Somerset St, Philadelphia, PA 19134",False,,,https://www.apartments.com/2550-e-somerset-st-philadelphia-pa-unit-2nd-f/0pnbpb1/
1227 Shackamaxon St Unit 7,,856-472-9201,"1227 Shackamaxon St, Philadelphia, PA 19125",False,,,https://www.apartments.com/1227-shackamaxon-st-philadelphia-pa-unit-7/phfyq3r/
1205 Leopard St Unit 2,,844-311-1297,"1205 Leopard St, Philadelphia, PA 19125",False,,,https://www.apartments.com/1205-leopard-st-philadelphia-pa-unit-2/xf3wvxq/
2829 Livingston St,,484-218-0522,"2829 Livingston St, Philadelphia, PA 19134",False,,,https://www.apartments.com/2829-livingston-st-philadelphia-pa/wev6f9h/
891 N Taylor St,,215-944-5860,"891 N Taylor St, Philadelphia, PA 19130",False,,,https://www.apartments.com/891-n-taylor-st-philadelphia-pa/phe8w5r/
,,,,,,,
,,,,,,,
,,,,,,,
,,,,,,,
,,,,,,,
,,,,,,,
1117 Shackamaxon St,,267-443-1928,"1117 Shackamaxon St, Philadelphia, PA 19125",False,,,https://www.apartments.com/1117-shackamaxon-st-philadelphia-pa/10b1wv4/
230 W Wildey St Unit A,,267-520-4573,"230 W Wildey St, Philadelphia, PA 19123",False,,,https://www.apartments.com/230-w-wildey-st-philadelphia-pa-unit-a/74mwg9y/
1002 N 2nd St Unit C,,215-395-9193,"1002 N 2nd St, Philadelphia, PA 19123",False,,,https://www.apartments.com/1002-n-2nd-st-philadelphia-pa-unit-c/43544fh/
2834 Cambridge St,,856-230-2516,"2834 Cambridge St, Philadelphia, PA 19130",False,,,https://www.apartments.com/2834-cambridge-st-philadelphia-pa/hhbh1v1/
720 N 20th St,,267-625-2223,"720 N 20th St, Philadelphia, PA 19130",False,,,https://www.apartments.com/720-n-20th-st-philadelphia-pa/60ws6ks/
1100 Shackamaxon St Unit 1E,,,"1100 Shackamaxon St, Philadelphia, PA 19125",False,,,https://www.apartments.com/1100-shackamaxon-st-philadelphia-pa-unit-1e/d6z42qh/
2555 Salmon St,,844-299-3831,"2555 Salmon St, Philadelphia, PA 19125",False,,,https://www.apartments.com/2555-salmon-st-philadelphia-pa/11gkbg7/
2800 Poplar St Unit 1A,,,"2800 Poplar St, Philadelphia, PA 19130",False,,,https://www.apartments.com/2800-poplar-st-philadelphia-pa-unit-1a/65xmb5v/
2800 Poplar St Unit 3A,,,"2800 Poplar St, Philadelphia, PA 19130",False,,,https://www.apartments.com/2800-poplar-st-philadelphia-pa-unit-3a/gcs63yy/
2800 Poplar St Unit 1B,,,"2800 Poplar St, Philadelphia, PA 19130",False,,,https://www.apartments.com/2800-poplar-st-philadelphia-pa-unit-1b/scb6gl7/
819 N 26th St Unit 1,,,"819 N 26th St, Philadelphia, PA 19130",False,,,https://www.apartments.com/819-n-26th-st-philadelphia-pa-unit-1/trc2h5c/
1522 W Champlost Ave Unit 2nd,,,"1522 W Champlost Ave, Philadelphia, PA 19141",False,,,https://www.apartments.com/1522-w-champlost-ave-philadelphia-pa-unit-2nd/6w9xt8t/
1712 Wallace St Unit 102,,,"1712 Wallace St, Philadelphia, PA 19130",False,,,https://www.apartments.com/1712-wallace-st-philadelphia-pa-unit-102/660lx5t/
2940 Poplar St,,570-300-7154,"2940 Poplar St, Philadelphia, PA 19130",False,,,https://www.apartments.com/2940-poplar-st-philadelphia-pa/pp4tcmt/
672 Franklin Pl Unit C,,,"672 Franklin Pl, Philadelphia, PA 19123",False,,,https://www.apartments.com/672-franklin-pl-philadelphia-pa-unit-c/b4nd7l9/
2200 E Venango St Unit 112,,215-395-9536,"2200 E Venango St, Philadelphia, PA 19134",False,,,https://www.apartments.com/2200-e-venango-st-philadelphia-pa-unit-112/qvj6vby/
716 N 23rd St,,267-341-7833,"716 N 23rd St, Philadelphia, PA 19130",False,,,https://www.apartments.com/716-n-23rd-st-philadelphia-pa/c8fmlde/
702 N 5th St Unit 2f,,844-301-3816,"702 N 5th St, Philadelphia, PA 19123",False,,,https://www.apartments.com/702-n-5th-st-philadelphia-pa-unit-2f/dzev9rj/
2013 Mt Vernon St Unit 5,,844-218-2540,"2013 Mt Vernon St, Philadelphia, PA 19130",False,,,https://www.apartments.com/2013-mt-vernon-st-philadelphia-pa-unit-5/1efjkw7/
,,,,,,,
,,,,,,,
,,,,,,,
,,,,,,,
1828 Green St Unit 3F,,484-284-1331,"1828 Green St, Philadelphia, PA 19130",True,,,https://www.apartments.com/1828-green-st-philadelphia-pa-unit-3f/etltwrq/
1115 Brandywine St,,845-459-3491,"1115 Brandywine St, Philadelphia, PA 19123",False,,,https://www.apartments.com/1115-brandywine-st-philadelphia-pa/dkb0fql/
532 N 12th St,,917-781-3142,"532 N 12th St, Philadelphia, PA 19123",False,,,https://www.apartments.com/532-n-12th-st-philadelphia-pa/hgj0s32/
528 N 21st St Unit 1,,570-931-5699,"528 N 21st St, Philadelphia, PA 19130",False,,,https://www.apartments.com/528-n-21st-st-philadelphia-pa-unit-1/jpjr2s4/
1100 Spring Garden St Unit 4A,,917-781-2967,"1100 Spring Garden St, Philadelphia, PA 19123",False,,,https://www.apartments.com/1100-spring-garden-st-philadelphia-pa-unit-4a/4tptz9j/
1912 Spring Garden St Unit 4,,973-946-8572,"1912 Spring Garden St, Philadelphia, PA 19130",False,,,https://www.apartments.com/1912-spring-garden-st-philadelphia-pa-unit-4/sf3v637/
151 Fairmount Ave Unit Apt#3,,813-492-4211,"151 Fairmount Ave, Philadelphia, PA 19123",False,,,https://www.apartments.com/151-fairmount-ave-philadelphia-pa-unit-apt3/z4vdpgz/
151 Fairmount Ave Unit 2A,,813-492-4221,"151 Fairmount Ave, Philadelphia, PA 19123",False,,,https://www.apartments.com/151-fairmount-ave-philadelphia-pa-unit-2a/k83y6fc/
151 Fairmount Ave Unit #2,,813-492-4213,"151 Fairmount Ave, Philadelphia, PA 19123",False,,,https://www.apartments.com/151-fairmount-ave-philadelphia-pa-unit-2/pzzt15s/
901 N Penn St Unit R401,,267-415-8038,"901 N Penn St, Philadelphia, PA 19123",False,,,https://www.apartments.com/901-n-penn-st-philadelphia-pa-unit-r401/f51kvnv/
901 N Penn St Unit r707,,,"901 N Penn St, Philadelphia, PA 19123",False,,,https://www.apartments.com/901-n-penn-st-philadelphia-pa-unit-r707/ksl0mwb/
201 Spring Garden St Unit 4A,,,"201 Spring Garden St, Philadelphia, PA 19123",False,,,https://www.apartments.com/201-spring-garden-st-philadelphia-pa-unit-4a/w0yxl7l/
445 N 12th St Unit c,,929-447-7015,"445 N 12th St, Philadelphia, PA 19123",False,,,https://www.apartments.com/445-n-12th-st-philadelphia-pa-unit-c/skffyq4/
1121 Hamilton St,,718-717-8035,"1121 Hamilton St, Philadelphia, PA 19123",False,,,https://www.apartments.com/1121-hamilton-st-philadelphia-pa/bh7z158/
6231 N Gratz St,,267-603-6047,"6231 N Gratz St, Philadelphia, PA 19141",False,,,https://www.apartments.com/6231-n-gratz-st-philadelphia-pa/55xyj7n/
117 Spring Garden St Unit 506,,916-265-4026,"117 Spring Garden St, Philadelphia, PA 19123",False,,,https://www.apartments.com/117-spring-garden-st-philadelphia-pa-unit-506/fqrlwls/
2001 Hamilton St Unit 621,,443-842-6302,"2001 Hamilton St, Philadelphia, PA 19130",False,,,https://www.apartments.com/2001-hamilton-st-philadelphia-pa-unit-621/gj7yb0x/
115 Spring Garden St Unit A,,626-513-4998,"115 Spring Garden St, Philadelphia, PA 19123",False,,,https://www.apartments.com/115-spring-garden-st-philadelphia-pa-unit-a/xks8cjq/
1941 W Laveer St,,267-824-2363,"1941 W Laveer St, Philadelphia, PA 19141",False,,,https://www.apartments.com/1941-w-laveer-st-philadelphia-pa/lr5myqe/
1900 Hamilton St Unit 209,,267-603-4969,"1900 Hamilton St, Philadelphia, PA 19130",False,,,https://www.apartments.com/1900-hamilton-st-philadelphia-pa-unit-209/cgwhccg/
5483 Vicaris St Unit 1,,,"5483 Vicaris St, Philadelphia, PA 19128",False,,,https://www.apartments.com/5483-vicaris-st-philadelphia-pa-unit-1/zy4h6pw/
,,,,,,,
,,,,,,,
1100 Vine St Unit P,,267-824-2332,"1100 Vine St, Philadelphia, PA 19107",False,,,https://www.apartments.com/1100-vine-st-philadelphia-pa-unit-p/6zs0n2v/
216 N 13th St Unit 3F,,844-312-7954,"216 N 13th St, Philadelphia, PA 19107",False,,,https://www.apartments.com/216-n-13th-st-philadelphia-pa-unit-3f/8371dw2/
1031 Spring St Unit 2-6 f,,215-971-1502,"1031 Spring St, Philadelphia, PA 19107",False,,,https://www.apartments.com/1031-spring-st-philadelphia-pa-unit-2-6-f/l8qmz0e/
202 N 16th St Unit 7**,,856-344-3830,"202 N 16th St, Philadelphia, PA 19102",False,,,https://www.apartments.com/202-n-16th-st-philadelphia-pa-unit-7/cr9lh5e/
202 N 16th St Unit 16**,,732-884-5305,"202 N 16th St, Philadelphia, PA 19102",False,,,https://www.apartments.com/202-n-16th-st-philadelphia-pa-unit-16/66l4yps/
202 N 16th St Unit 2**,,609-379-5850,"202 N 16th St, Philadelphia, PA 19102",False,,,https://www.apartments.com/202-n-16th-st-philadelphia-pa-unit-2/yy1jkys/
202 N 16th St Unit PH**,,856-861-4201,"202 N 16th St, Philadelphia, PA 19102",False,,,https://www.apartments.com/202-n-16th-st-philadelphia-pa-unit-ph/hz9k8h1/
202 N 16th St Unit 6**,,856-330-8854,"202 N 16th St, Philadelphia, PA 19102",False,,,https://www.apartments.com/202-n-16th-st-philadelphia-pa-unit-6/lbrn3qe/
202 N 16th St Unit 9**,,856-267-0175,"202 N 16th St, Philadelphia, PA 19102",False,,,https://www.apartments.com/202-n-16th-st-philadelphia-pa-unit-9/neq62vp/
202 N 16th St Unit 8**,,862-227-2039,"202 N 16th St, Philadelphia, PA 19102",False,,,https://www.apartments.com/202-n-16th-st-philadelphia-pa-unit-8/7v68fvw/
221 Vine St Unit 33,,267-434-1526,"221 Vine St, Philadelphia, PA 19106",False,,,https://www.apartments.com/221-vine-st-philadelphia-pa-unit-33/k9yb9sb/
3750 Main St Unit 500,,,"3750 Main St, Philadelphia, PA 19127",False,,,https://www.apartments.com/3750-main-st-philadelphia-pa-unit-500/zm448pw/
232 N 21st St Unit 6**,,609-308-3297,"232 N 21st St, Philadelphia, PA 19103",False,,,https://www.apartments.com/232-n-21st-st-philadelphia-pa-unit-6/mzm2mgh/
232 N 21st St Unit 2**,,856-298-1213,"232 N 21st St, Philadelphia, PA 19103",False,,,https://www.apartments.com/232-n-21st-st-philadelphia-pa-unit-2/3qxwdqe/
232 N 21st St Unit 11*,,609-228-9782,"232 N 21st St, Philadelphia, PA 19103",False,,,https://www.apartments.com/232-n-21st-st-philadelphia-pa-unit-11/vc8px9g/
209 Vine St Unit 31,,267-463-2808,"209 Vine St, Philadelphia, PA 19106",False,,,https://www.apartments.com/209-vine-st-philadelphia-pa-unit-31/zyxmgvw/
203 N 8th St Unit 9**,,856-291-6682,"203 N 8th St, Philadelphia, PA 19106",False,,,https://www.apartments.com/203-n-8th-st-philadelphia-pa-unit-9/djqxzwj/
315 New St Unit 126,,267-443-1934,"315 New St, Philadelphia, PA 19106",False,,,https://www.apartments.com/315-new-st-philadelphia-pa-unit-126/s8949j6/
3742 Main St Unit 60,,,"3742 Main St, Philadelphia, PA 19127",False,,,https://www.apartments.com/3742-main-st-philadelphia-pa-unit-60/9bwze57/
1010 Race St Unit 8I,,,"1010 Race St, Philadelphia, PA 19107",False,,,https://www.apartments.com/1010-race-st-philadelphia-pa-unit-8i/djw1ktl/
3535 Aspen St,,267-483-7852,"3535 Aspen St, Philadelphia, PA 19104",False,,,https://www.apartments.com/3535-aspen-st-philadelphia-pa/5jlpf8q/
3222 Haverford Ave,,385-355-1579,"3222 Haverford Ave, Philadelphia, PA 19104",False,,,https://www.apartments.com/3222-haverford-ave-philadelphia-pa/nqs9wnp/
1025 Cherry St Unit 202,,844-301-2918,"1025 Cherry St, Philadelphia, PA 19107",True,,,https://www.apartments.com/1025-cherry-st-philadelphia-pa-unit-202/zsf8hqw/
1025 Cherry St Unit 402,,844-301-2718,"1025 Cherry St, Philadelphia, PA 19107",False,,,https://www.apartments.com/1025-cherry-st-philadelphia-pa-unit-402/c9dwhrd/
3105 Hamilton St,,844-257-1339,"3105 Hamilton St, Philadelphia, PA 19104",False,,,https://www.apartments.com/3105-hamilton-st-philadelphia-pa/dvcb9dk/
603 N 34th St Unit 4,,267-217-1420,"603 N 34th St, Philadelphia, PA 19104",False,,,https://www.apartments.com/603-n-34th-st-philadelphia-pa-unit-4/4kmmdbl/
3222 Spring Garden St Unit 1,,484-378-0214,"3222 Spring Garden St, Philadelphia, PA 19104",False,,,https://www.apartments.com/3222-spring-garden-st-philadelphia-pa-unit-1/7dm4nyz/
252 N Christopher Columbus Blvd Unit 8**,,609-372-2841,"252 N Christopher Columbus Blvd, Philadelphia, PA 19106",False,,,https://www.apartments.com/252-n-christopher-columbus-blvd-philadelphia-pa-unit-8/j0l4lg4/
252 N Christopher Columbus Blvd Unit 6**,,856-804-1262,"252 N Christopher Columbus Blvd, Philadelphia, PA 19106",False,,,https://www.apartments.com/252-n-christopher-columbus-blvd-philadelphia-pa-unit-6/3y5sjke/
252 N Christopher Columbus Blvd Unit 3**,,856-804-1259,"252 N Christopher Columbus Blvd, Philadelphia, PA 19106",False,,,https://www.apartments.com/252-n-christopher-columbus-blvd-philadelphia-pa-unit-3/rz1r873/
252 N Christopher Columbus Blvd Unit 12**,,856-804-1260,"252 N Christopher Columbus Blvd, Philadelphia, PA 19106",False,,,https://www.apartments.com/252-n-christopher-columbus-blvd-philadelphia-pa-unit-12/ddgdc0k/
252 N Christopher Columbus Blvd Unit 12**,,609-403-0986,"252 N Christopher Columbus Blvd, Philadelphia, PA 19106",False,,,https://www.apartments.com/252-n-christopher-columbus-blvd-philadelphia-pa-unit-12/09pgtx2/
252 N Christopher Columbus Blvd Unit 5**,,609-372-2818,"252 N Christopher Columbus Blvd, Philadelphia, PA 19106",False,,,https://www.apartments.com/252-n-christopher-columbus-blvd-philadelphia-pa-unit-5/czpnzsg/
252 N Christopher Columbus Blvd Unit 9**,,609-373-2270,"252 N Christopher Columbus Blvd, Philadelphia, PA 19106",False,,,https://www.apartments.com/252-n-christopher-columbus-blvd-philadelphia-pa-unit-9/2ph6p19/
252 N Christopher Columbus Blvd Unit 11**,,856-310-4685,"252 N Christopher Columbus Blvd, Philadelphia, PA 19106",False,,,https://www.apartments.com/252-n-christopher-columbus-blvd-philadelphia-pa-unit-11/43m0cpk/
252 N Christopher Columbus Blvd Unit 30*,,609-900-7832,"252 N Christopher Columbus Blvd, Philadelphia, PA 19106",False,,,https://www.apartments.com/252-n-christopher-columbus-blvd-philadelphia-pa-unit-30/3gwls8g/
252 N Christopher Columbus Blvd Unit 12**,,732-884-5022,"252 N Christopher Columbus Blvd, Philadelphia, PA 19106",False,,,https://www.apartments.com/252-n-christopher-columbus-blvd-philadelphia-pa-unit-12/7bbykpy/
252 N Christopher Columbus Blvd Unit 16**,,609-372-2769,"252 N Christopher Columbus Blvd, Philadelphia, PA 19106",False,,,https://www.apartments.com/252-n-christopher-columbus-blvd-philadelphia-pa-unit-16/rf9qxz0/
401 Shurs Ln Unit 2A,,267-380-5914,"401 Shurs Ln, Philadelphia, PA 19128",False,,,https://www.apartments.com/401-shurs-ln-philadelphia-pa-unit-2a/vlzhg3g/
1600 Arch St Unit 808,,267-443-4327,"1600 Arch St, Philadelphia, PA 19103",False,,,https://www.apartments.com/1600-arch-st-philadelphia-pa-unit-808/yt1hh3v/
119 N 21st St,,302-497-3885,"119 N 21st St, Philadelphia, PA 19103",False,,,https://www.apartments.com/119-n-21st-st-philadelphia-pa/e9jdgyn/
3337 Spring Garden St,,844-257-0097,"3337 Spring Garden St, Philadelphia, PA 19104",False,,,https://www.apartments.com/3337-spring-garden-st-philadelphia-pa/7vvmr9z/
928 Arch St Unit 4R,,844-832-5491,"928 Arch St, Philadelphia, PA 19107",False,,,https://www.apartments.com/928-arch-st-philadelphia-pa-unit-4r/qk0zpwy/
4083 Manayunk Ave,,215-944-5950,"4083 Manayunk Ave, Philadelphia, PA 19128",False,,,https://www.apartments.com/4083-manayunk-ave-philadelphia-pa/2qljr38/
127 N 4th St Unit 1**,,856-288-1050,"127 N 4th St, Philadelphia, PA 19106",False,,,https://www.apartments.com/127-n-4th-st-philadelphia-pa-unit-1/znbcjdz/
127 N 4th St Unit 4**,,856-302-0597,"127 N 4th St, Philadelphia, PA 19106",False,,,https://www.apartments.com/127-n-4th-st-philadelphia-pa-unit-4/29c2yf8/
152 East St Unit 0,,484-320-6207,"152 East St, Philadelphia, PA 19127",False,,,https://www.apartments.com/152-east-st-philadelphia-pa-unit-0/dt6b6ch/
3423 Spring Garden St,,844-257-0095,"3423 Spring Garden St, Philadelphia, PA 19104",False,,,https://www.apartments.com/3423-spring-garden-st-philadelphia-pa/ztwdsvz/
,,,,,,,
,,,,,,,
,,,,,,,
,,,,,,,
,,,,,,,
,,,,,,,
,,,,,,,
,,,,,,,
,,,,,,,
,,,,,,,
,,,,,,,
,,,,,,,
,,,,,,,
,,,,,,,
,,,,,,,
,,,,,,,
,,,,,,,
,,,,,,,
,,,,,,,
,,,,,,,
,,,,,,,
,,,,,,,
,,,,,,,
,,,,,,,
,,,,,,,
,,,,,,,
,,,,,,,
,,,,,,,
,,,,,,,
,,,,,,,
,,,,,,,
,,,,,,,
,,,,,,,
,,,,,,,
,,,,,,,
,,,,,,,
,,,,,,,
,,,,,,,
,,,,,,,
,,,,,,,
,,,,,,,
,,,,,,,
,,,,,,,
,,,,,,,
111 S 15th St Unit 1909,,862-505-1749,"111 S 15th St, Philadelphia, PA 19110",False,,,https://www.apartments.com/111-s-15th-st-philadelphia-pa-unit-1909/b2m5928/
30 S 22nd St Unit 22,,267-332-1852,"30 S 22nd St, Philadelphia, PA 19103",False,,,https://www.apartments.com/30-s-22nd-st-philadelphia-pa-unit-22/2sge8vb/
30 S 22nd St Unit 5,,215-995-2133,"30 S 22nd St, Philadelphia, PA 19103",False,,,https://www.apartments.com/30-s-22nd-st-philadelphia-pa-unit-5/c61wkve/
4328 Pechin St,,484-297-7452,"4328 Pechin St, Philadelphia, PA 19128",False,,,https://www.apartments.com/4328-pechin-st-philadelphia-pa/wv31f1l/
3 N Christopher Columbus Blvd Unit 428,,844-302-4396,"3 N Christopher Columbus Blvd, Philadelphia, PA 19106",False,,,https://www.apartments.com/3-n-christopher-columbus-blvd-philadelphia-pa-unit-428/lmww35g/
6 Strawberry St Unit 11,,,"6 Strawberry St, Philadelphia, PA 19106",False,,,https://www.apartments.com/6-strawberry-st-philadelphia-pa-unit-11/v0b30dg/
,,,,,,,
,,,,,,,
,,,,,,,
,,,,,,,
,,,,,,,
,,,,,,,
,,,,,,,
,,,,,,,
,,,,,,,
,,,,,,,
,,,,,,,
,,,,,,,
,,,,,,,
,,,,,,,
,,,,,,,
,,,,,,,
,,,,,,,
,,,,,,,
,,,,,,,
,,,,,,,
,,,,,,,
125 S 21st St Unit 2F,,484-577-8304,"125 S 21st St, Philadelphia, PA 19103",False,,,https://www.apartments.com/125-s-21st-st-philadelphia-pa-unit-2f/qsyqdgx/
125 S 21st St Unit 2f,,610-601-5373,"125 S 21st St, Philadelphia, PA 19103",False,,,https://www.apartments.com/125-s-21st-st-philadelphia-pa-unit-2f/73k8v1y/
2125 Walnut St Unit 3R,,267-300-9189,"2125 Walnut St, Philadelphia, PA 19103",False,,,https://www.apartments.com/2125-walnut-st-philadelphia-pa-unit-3r/dswv7gk/
2127 Walnut St Unit 4,,267-309-2123,"2127 Walnut St, Philadelphia, PA 19103",False,,,https://www.apartments.com/2127-walnut-st-philadelphia-pa-unit-4/9sxsb65/
,,,,,,,
,,,,,,,
,,,,,,,
3912 Warren St,,215-490-9010,"3912 Warren St, Philadelphia, PA 19104",False,,,https://www.apartments.com/3912-warren-st-philadelphia-pa/654k6kr/
1324 Locust St Unit 717,,610-850-9962,"1324 Locust St, Philadelphia, PA 19107",False,,,https://www.apartments.com/1324-locust-st-philadelphia-pa-unit-717/v9bqrve/
2212 Walnut St Unit 302,,844-300-3464,"2212 Walnut St, Philadelphia, PA 19103",False,,,https://www.apartments.com/2212-walnut-st-philadelphia-pa-unit-302/rgjmec2/
312 Walnut St Unit 3**,,856-249-0661,"312 Walnut St, Philadelphia, PA 19106",False,,,https://www.apartments.com/312-walnut-st-philadelphia-pa-unit-3/y969lqt/
312 Walnut St Unit 2**,,856-292-5027,"312 Walnut St, Philadelphia, PA 19106",False,,,https://www.apartments.com/312-walnut-st-philadelphia-pa-unit-2/z6skwsy/
312 Walnut St Unit 2**,,844-406-9160,"312 Walnut St, Philadelphia, PA 19106",False,,,https://www.apartments.com/312-walnut-st-philadelphia-pa-unit-2/rmkg6e1/
1606 Locust St Unit 2Flr,,,"1606 Locust St, Philadelphia, PA 19103",False,,,https://www.apartments.com/1606-locust-st-philadelphia-pa-unit-2flr/znwde9w/
1606 Locust St Unit Upper,,,"1606 Locust St, Philadelphia, PA 19103",False,,,https://www.apartments.com/1606-locust-st-philadelphia-pa-unit-upper/515dsbn/
1949 Locust St Unit 1R,,267-309-2010,"1949 Locust St, Philadelphia, PA 19103",False,,,https://www.apartments.com/1949-locust-st-philadelphia-pa-unit-1r/2z78mq9/
4305 Main St Unit 3,,267-824-2461,"4305 Main St, Philadelphia, PA 19127",False,,,https://www.apartments.com/4305-main-st-philadelphia-pa-unit-3/ymgzzlv/
252 S 16th St Unit 2 B,,215-944-5956,"252 S 16th St, Philadelphia, PA 19102",False,,,https://www.apartments.com/252-s-16th-st-philadelphia-pa-unit-2-b/p9y2w1r/
226 W Rittenhouse Square Unit 1602,,347-574-9984,"226 W Rittenhouse Square, Philadelphia, PA 19103",True,,,https://www.apartments.com/226-w-rittenhouse-square-philadelphia-pa-unit-1602/zw8s2jy/
254 S 16th St Unit 3A,,215-883-7188,"254 S 16th St, Philadelphia, PA 19102",False,,,https://www.apartments.com/254-s-16th-st-philadelphia-pa-unit-3a/jj53k95/
1004 Irving St,,267-774-4537,"1004 Irving St, Philadelphia, PA 19107",True,,,https://www.apartments.com/1004-irving-st-philadelphia-pa/eqwq0gn/
329 Point St Unit 0,,484-401-7047,"329 Point St, Camden, NJ 08102",True,,,https://www.apartments.com/329-point-st-camden-nj-unit-0/2w3pchc/
250 S Alder St,,267-774-4815,"250 S Alder St, Philadelphia, PA 19107",True,,,https://www.apartments.com/250-s-alder-st-philadelphia-pa/xnp72lm/
1417 Spruce St Unit 3F,,844-315-2901,"1417 Spruce St, Philadelphia, PA 19102",False,,,https://www.apartments.com/1417-spruce-st-philadelphia-pa-unit-3f/ffe2g5v/
1211 Spruce St Unit 1F,,856-347-4201,"1211 Spruce St, Philadelphia, PA 19107",False,,,https://www.apartments.com/1211-spruce-st-philadelphia-pa-unit-1f/zcssm9w/
706 S Washington Square,,609-372-2771,"706 S Washington Square, Philadelphia, PA 19106",False,,,https://www.apartments.com/706-s-washington-square-philadelphia-pa/jlkl9m7/
307 Point St Unit 1,,267-603-4938,"307 Point St, Camden, NJ 08102",True,,,https://www.apartments.com/307-point-st-camden-nj-unit-1/vqgn0md/
2039 Rittenhouse Square Unit 2ND,,,"2039 Rittenhouse Square, Philadelphia, PA 19103",False,,,https://www.apartments.com/2039-rittenhouse-square-philadelphia-pa-unit-2nd/2wt0718/
604 S Washington Square Unit 2302,,844-316-1101,"604 S Washington Square, Philadelphia, PA 19106",False,,,https://www.apartments.com/604-s-washington-square-philadelphia-pa-unit-2302/q4q6bpy/
,,,,,,,
,,,,,,,
,,,,,,,
,,,,,,,
,,,,,,,
,,,,,,,
,,,,,,,
,,,,,,,
,,,,,,,
,,,,,,,
302 S 12th St Unit 204,,267-665-0173,"302 S 12th St, Philadelphia, PA 19107",False,,,https://www.apartments.com/302-s-12th-st-philadelphia-pa-unit-204/vzkryrg/
302 S 12th St Unit 304,,267-665-0204,"302 S 12th St, Philadelphia, PA 19107",True,,,https://www.apartments.com/302-s-12th-st-philadelphia-pa-unit-304/1zrrl17/
2013 Spruce St Unit 6,,267-309-2126,"2013 Spruce St, Philadelphia, PA 19103",False,,,https://www.apartments.com/2013-spruce-st-philadelphia-pa-unit-6/hnet6b0/
327 N 40th St Unit 2,,,"327 N 40th St, Philadelphia, PA 19104",False,,,https://www.apartments.com/327-n-40th-st-philadelphia-pa-unit-2/beljdpc/
1734 Spruce St Unit 1F,,267-300-9129,"1734 Spruce St, Philadelphia, PA 19103",False,,,https://www.apartments.com/1734-spruce-st-philadelphia-pa-unit-1f/mbs7dxh/
1734 Spruce St Unit 1F,,570-290-7960,"1734 Spruce St, Philadelphia, PA 19103",False,,,https://www.apartments.com/1734-spruce-st-philadelphia-pa-unit-1f/b1j76c9/
1722 Spruce St Unit A1,,484-668-1969,"1722 Spruce St, Philadelphia, PA 19103",False,,,https://www.apartments.com/1722-spruce-st-philadelphia-pa-unit-a1/hbejgp1/
177 Gay St,,,"177 Gay St, Philadelphia, PA 19127",False,,,https://www.apartments.com/177-gay-st-philadelphia-pa/shv5gt4/
318 N 40th St Unit 3R,,347-699-1364,"318 N 40th St, Philadelphia, PA 19104",False,,,https://www.apartments.com/318-n-40th-st-philadelphia-pa-unit-3r/8fhnz21/
318 S 15th St Unit 1F,,267-332-6425,"318 S 15th St, Philadelphia, PA 19102",False,,,https://www.apartments.com/318-s-15th-st-philadelphia-pa-unit-1f/sxq6k67/
301 S 19th St Unit 2B,,855-337-1515,"301 S 19th St, Philadelphia, PA 19103",False,,,https://www.apartments.com/301-s-19th-st-philadelphia-pa-unit-2b/6qd72tt/
301 S 19th St Unit 10A,,844-804-4665,"301 S 19th St, Philadelphia, PA 19103",False,,,https://www.apartments.com/301-s-19th-st-philadelphia-pa-unit-10a/r4jgkv0/
301 S 19th St Unit 6E,,267-520-4141,"301 S 19th St, Philadelphia, PA 19103",False,,,https://www.apartments.com/301-s-19th-st-philadelphia-pa-unit-6e/0bj9sw3/
7165 Ogontz Ave Unit F,,215-475-5616,"7165 Ogontz Ave, Philadelphia, PA 19138",False,,,https://www.apartments.com/7165-ogontz-ave-philadelphia-pa-unit-f/j8h8gm7/
7165 Ogontz Ave Unit E,,215-475-5514,"7165 Ogontz Ave, Philadelphia, PA 19138",False,,,https://www.apartments.com/7165-ogontz-ave-philadelphia-pa-unit-e/rdzcsf3/
,,,,,,,
,,,,,,,
,,,,,,,
,,,,,,,
,,,,,,,
305 S 11th St Unit 11,,484-578-9399,"305 S 11th St, Philadelphia, PA 19107",True,,,https://www.apartments.com/305-s-11th-st-philadelphia-pa-unit-11/fm8yqgs/
2118 Spruce St Unit 1F,,,"2118 Spruce St, Philadelphia, PA 19103",False,,,https://www.apartments.com/2118-spruce-st-philadelphia-pa-unit-1f/y45cr1t/
339 S 13th St Unit 2F,,215-798-0447,"339 S 13th St, Philadelphia, PA 19107",False,,,https://www.apartments.com/339-s-13th-st-philadelphia-pa-unit-2f/d00s9hl/
339 S 13th St Unit 2D,,,"339 S 13th St, Philadelphia, PA 19107",False,,,https://www.apartments.com/339-s-13th-st-philadelphia-pa-unit-2d/lq08deg/
339 S 13th St Unit 1D,,267-824-2630,"339 S 13th St, Philadelphia, PA 19107",False,,,https://www.apartments.com/339-s-13th-st-philadelphia-pa-unit-1d/3dppl8e/
1331 Pine St Unit 1F,,570-846-2849,"1331 Pine St, Philadelphia, PA 19107",False,,,https://www.apartments.com/1331-pine-st-philadelphia-pa-unit-1f/5pe6xgp/
1331 Pine St Unit 1F,,267-297-2687,"1331 Pine St, Philadelphia, PA 19107",False,,,https://www.apartments.com/1331-pine-st-philadelphia-pa-unit-1f/rb07e91/
326 S 19th St Unit 4B,,855-337-1778,"326 S 19th St, Philadelphia, PA 19103",False,,,https://www.apartments.com/326-s-19th-st-philadelphia-pa-unit-4b/djk793h/
326 S 19th St Unit 4B,,484-531-7159,"326 S 19th St, Philadelphia, PA 19103",False,,,https://www.apartments.com/326-s-19th-st-philadelphia-pa-unit-4b/vsr9dkf/
326 S 19th St Unit 1B,,855-337-2497,"326 S 19th St, Philadelphia, PA 19103",False,,,https://www.apartments.com/326-s-19th-st-philadelphia-pa-unit-1b/sfg8624/
4007 Powelton Ave Unit 1,,267-244-7029,"4007 Powelton Ave, Philadelphia, PA 19104",False,,,https://www.apartments.com/4007-powelton-ave-philadelphia-pa-unit-1/v8qt4zg/
411 S Camac St Unit 202,,267-457-4524,"411 S Camac St, Philadelphia, PA 19147",True,,,https://www.apartments.com/411-s-camac-st-philadelphia-pa-unit-202/pb0ceyv/
411 S Camac St Unit 202,,267-457-4437,"411 S Camac St, Philadelphia, PA 19147",True,,,https://www.apartments.com/411-s-camac-st-philadelphia-pa-unit-202/3mf70xg/
1809 Pine St Unit 2R,,,"1809 Pine St, Philadelphia, PA 19103",False,,,https://www.apartments.com/1809-pine-st-philadelphia-pa-unit-2r/mg81cfl/
1001 Pine St Unit 501,,856-347-4803,"1001 Pine St, Philadelphia, PA 19107",False,,,https://www.apartments.com/1001-pine-st-philadelphia-pa-unit-501/mcrbmxk/
1001 Pine St Unit 402,,856-975-0772,"1001 Pine St, Philadelphia, PA 19107",False,,,https://www.apartments.com/1001-pine-st-philadelphia-pa-unit-402/kq5h5f9/
1001 Pine St Unit 304,,856-330-8804,"1001 Pine St, Philadelphia, PA 19107",False,,,https://www.apartments.com/1001-pine-st-philadelphia-pa-unit-304/m9xplwl/
1001 Pine St Unit 404,,856-267-0393,"1001 Pine St, Philadelphia, PA 19107",False,,,https://www.apartments.com/1001-pine-st-philadelphia-pa-unit-404/g9xqcjx/
44 N 40th St Unit 1R,,844-402-0053,"44 N 40th St, Philadelphia, PA 19104",False,,,https://www.apartments.com/44-n-40th-st-philadelphia-pa-unit-1r/cglre0g/
44 N 40th St Unit 1F,,844-401-9894,"44 N 40th St, Philadelphia, PA 19104",False,,,https://www.apartments.com/44-n-40th-st-philadelphia-pa-unit-1f/wzknn8j/
,,,,,,,
,,,,,,,
,,,,,,,
,,,,,,,
,,,,,,,
,,,,,,,
1214 Waverly Walkway Unit 101,,267-457-4156,"1214 Waverly Walkway, Philadelphia, PA 19147",False,,,https://www.apartments.com/1214-waverly-walkway-philadelphia-pa-unit-101/v3s6v0f/
914 Pine St Unit 1R,,267-684-5535,"914 Pine St, Philadelphia, PA 19107",False,,,https://www.apartments.com/914-pine-st-philadelphia-pa-unit-1r/8detjq0/
2310 Delancey Pl Unit 1R,,267-390-4070,"2310 Delancey Pl, Philadelphia, PA 19103",False,,,https://www.apartments.com/2310-delancey-pl-philadelphia-pa-unit-1r/f7hef1s/
2310 Delancey Pl Unit 1R,,570-445-3421,"2310 Delancey Pl, Philadelphia, PA 19103",False,,,https://www.apartments.com/2310-delancey-pl-philadelphia-pa-unit-1r/09t6sc3/
1834 Pine St Unit 2F,,,"1834 Pine St, Philadelphia, PA 19103",False,,,https://www.apartments.com/1834-pine-st-philadelphia-pa-unit-2f/53sb74p/
834 Pine St Unit 4B,,,"834 Pine St, Philadelphia, PA 19107",False,,,https://www.apartments.com/834-pine-st-philadelphia-pa-unit-4b/e7e0lhn/
2308 Delancey Pl Unit 1R,,215-687-4994,"2308 Delancey Pl, Philadelphia, PA 19103",False,,,https://www.apartments.com/2308-delancey-pl-philadelphia-pa-unit-1r/2zsb5h8/
172 Carson St,,,"172 Carson St, Philadelphia, PA 19127",False,,,https://www.apartments.com/172-carson-st-philadelphia-pa/d30z7hk/
708 Pine St Unit 1F,,609-308-3861,"708 Pine St, Philadelphia, PA 19106",False,,,https://www.apartments.com/708-pine-st-philadelphia-pa-unit-1f/f4bd6gr/
1331 Lombard St Unit 2**,,732-884-5472,"1331 Lombard St, Philadelphia, PA 19147",False,,,https://www.apartments.com/1331-lombard-st-philadelphia-pa-unit-2/rmfshh3/
1331 Lombard St Unit 3**,,732-884-5311,"1331 Lombard St, Philadelphia, PA 19147",False,,,https://www.apartments.com/1331-lombard-st-philadelphia-pa-unit-3/nddfrln/
1311 Lombard St Unit #305,,215-944-5864,"1311 Lombard St, Philadelphia, PA 19147",False,,,https://www.apartments.com/1311-lombard-st-philadelphia-pa-unit-305/b440148/
1934 Waverly St Unit A201,,267-704-9506,"1934 Waverly St, Philadelphia, PA 19146",False,,,https://www.apartments.com/1934-waverly-st-philadelphia-pa-unit-a201/5fcde2p/
2102 Pine St Unit 3B,,215-944-5967,"2102 Pine St, Philadelphia, PA 19103",False,,,https://www.apartments.com/2102-pine-st-philadelphia-pa-unit-3b/snp7zr7/
1332 Lombard St Unit 2F,,215-944-5992,"1332 Lombard St, Philadelphia, PA 19147",False,,,https://www.apartments.com/1332-lombard-st-philadelphia-pa-unit-2f/xjzxw8n/
330 N Holly St,,267-536-4328,"330 N Holly St, Philadelphia, PA 19104",False,,,https://www.apartments.com/330-n-holly-st-philadelphia-pa/qns6j7x/
1735 Naudain St,,,"1735 Naudain St, Philadelphia, PA 19146",False,,,https://www.apartments.com/1735-naudain-st-philadelphia-pa/vlmle1f/
1134 Rodman St Unit 0,,,"1134 Rodman St, Philadelphia, PA 19147",False,,,https://www.apartments.com/1134-rodman-st-philadelphia-pa-unit-0/457bsxj/
342 N 42nd St,,814-876-3788,"342 N 42nd St, Philadelphia, PA 19104",False,,,https://www.apartments.com/342-n-42nd-st-philadelphia-pa/ex6p5eq/
,,,,,,,
,,,,,,,
,,,,,,,
,,,,,,,
,,,,,,,
,,,,,,,
,,,,,,,
,,,,,,,
,,,,,,,
,,,,,,,
,,,,,,,
,,,,,,,
,,,,,,,
,,,,,,,
,,,,,,,
,,,,,,,
,,,,,,,
,,,,,,,
,,,,,,,
,,,,,,,
4200 Ludlow St Unit 101,,844-804-2233,"4200 Ludlow St, Philadelphia, PA 19104",True,,,https://www.apartments.com/4200-ludlow-st-philadelphia-pa-unit-101/71wc0yy/
329 Wright St,,,"329 Wright St, Philadelphia, PA 19128",False,,,https://www.apartments.com/329-wright-st-philadelphia-pa/rvd05h1/
7401 Fayette St Unit Apt 2,,260-225-4172,"7401 Fayette St, Philadelphia, PA 19138",False,,,https://www.apartments.com/7401-fayette-st-philadelphia-pa-unit-apt-2/ed8g9zp/
732 S 18th St Unit B,,267-563-8692,"732 S 18th St, Philadelphia, PA 19146",False,,,https://www.apartments.com/732-s-18th-st-philadelphia-pa-unit-b/rgpwge0/
726 S 19th St Unit 2F,,,"726 S 19th St, Philadelphia, PA 19146",False,,,https://www.apartments.com/726-s-19th-st-philadelphia-pa-unit-2f/cb18f1d/
,,,,,,,
,,,,,,,
,,,,,,,
515 E Sedgwick St Unit 1,,844-302-5017,"515 E Sedgwick St, Philadelphia, PA 19119",False,,,https://www.apartments.com/515-e-sedgwick-st-philadelphia-pa-unit-1/lw0211f/
4730 Silverwood St,,,"4730 Silverwood St, Philadelphia, PA 19128",False,,,https://www.apartments.com/4730-silverwood-st-philadelphia-pa/xt2qjbm/
129 Ripka St,,267-416-5202,"129 Ripka St, Philadelphia, PA 19127",False,,,https://www.apartments.com/129-ripka-st-philadelphia-pa/w8485lj/
4258 Chestnut St,,844-259-5043,"4258 Chestnut St, Philadelphia, PA 19104",False,,,https://www.apartments.com/4258-chestnut-st-philadelphia-pa/0r8w313/
742 S 3rd St Unit 1,,215-372-1148,"742 S 3rd St, Philadelphia, PA 19147",False,,,https://www.apartments.com/742-s-3rd-st-philadelphia-pa-unit-1/5w8k0gm/
757 S 3rd St Unit 1,,910-501-2198,"757 S 3rd St, Philadelphia, PA 19147",False,,,https://www.apartments.com/757-s-3rd-st-philadelphia-pa-unit-1/32jxe2e/
4313 Sansom St Unit 1,,267-332-1501,"4313 Sansom St, Philadelphia, PA 19104",False,,,https://www.apartments.com/4313-sansom-st-philadelphia-pa-unit-1/e8e4mqp/
761 S 3rd St Unit 2,,267-592-3784,"761 S 3rd St, Philadelphia, PA 19147",False,,,https://www.apartments.com/761-s-3rd-st-philadelphia-pa-unit-2/jcrdc76/
4317 Sansom St Unit 19104,,484-378-9969,"4317 Sansom St, Philadelphia, PA 19104",False,,,https://www.apartments.com/4317-sansom-st-philadelphia-pa-unit-19104/hte9c63/
1802 Christian St,,484-388-5186,"1802 Christian St, Philadelphia, PA 19146",False,,,https://www.apartments.com/1802-christian-st-philadelphia-pa/hzgst83/
1521 Montrose St,,570-931-5245,"1521 Montrose St, Philadelphia, PA 19146",False,,,https://www.apartments.com/1521-montrose-st-philadelphia-pa/r0x2v31/
1521 Montrose St,,570-290-7819,"1521 Montrose St, Philadelphia, PA 19146",False,,,https://www.apartments.com/1521-montrose-st-philadelphia-pa/rl1vqb3/
97 Ashland Ave Unit 8B,,215-647-9895,"97 Ashland Ave, Bala Cynwyd, PA 19004",False,,,https://www.apartments.com/97-ashland-ave-bala-cynwyd-pa-unit-8b/ryqvs51/
121 Montgomery Ave Unit 302,,267-415-8202,"121 Montgomery Ave, Bala Cynwyd, PA 19004",False,,,https://www.apartments.com/121-montgomery-ave-bala-cynwyd-pa-unit-302/kvrx9xc/
121 Montgomery Ave Unit 106,,267-415-4790,"121 Montgomery Ave, Bala Cynwyd, PA 19004",False,,,https://www.apartments.com/121-montgomery-ave-bala-cynwyd-pa-unit-106/rlsqst3/
125 Montgomery Ave Unit A3,,267-415-6817,"125 Montgomery Ave, Bala Cynwyd, PA 19004",False,,,https://www.apartments.com/125-montgomery-ave-bala-cynwyd-pa-unit-a3/xdrvk8m/
783 S 2nd St Unit E,,215-989-4071,"783 S 2nd St, Philadelphia, PA 19147",False,,,https://www.apartments.com/783-s-2nd-st-philadelphia-pa-unit-e/gxpxddw/
800 S 3rd St Unit 1,,484-429-6137,"800 S 3rd St, Philadelphia, PA 19147",False,,,https://www.apartments.com/800-s-3rd-st-philadelphia-pa-unit-1/232n399/
609 N Wilton St,,267-296-9640,"609 N Wilton St, Philadelphia, PA 19131",False,,,https://www.apartments.com/609-n-wilton-st-philadelphia-pa/2s8wv69/
403 S 40th St Unit 3R,,302-281-2588,"403 S 40th St, Philadelphia, PA 19104",False,,,https://www.apartments.com/403-s-40th-st-philadelphia-pa-unit-3r/yrhg4vs/
220 S 43rd St Unit 1st,,,"220 S 43rd St, Philadelphia, PA 19104",False,,,https://www.apartments.com/220-s-43rd-st-philadelphia-pa-unit-1st/h00l9f3/
4531 Sansom St,,215-910-4332,"4531 Sansom St, Philadelphia, PA 19139",False,,,https://www.apartments.com/4531-sansom-st-philadelphia-pa/h3s2s52/
,,,,,,,
,,,,,,,
,,,,,,,
,,,,,,,
4525 Walnut St,,844-259-5419,"4525 Walnut St, Philadelphia, PA 19139",False,,,https://www.apartments.com/4525-walnut-st-philadelphia-pa/en2yfyn/
5736 Woodcrest Ave,,844-302-0458,"5736 Woodcrest Ave, Philadelphia, PA 19131",False,,,https://www.apartments.com/5736-woodcrest-ave-philadelphia-pa/6xpkjqs/
5736 Woodcrest Ave,,484-320-7926,"5736 Woodcrest Ave, Philadelphia, PA 19131",False,,,https://www.apartments.com/5736-woodcrest-ave-philadelphia-pa/p6f9bcv/
532 Carpenter St Unit A,,302-281-2015,"532 Carpenter St, Philadelphia, PA 19147",False,,,https://www.apartments.com/532-carpenter-st-philadelphia-pa-unit-a/7we1erz/
2553 Grays Ferry Ave,,267-589-0100,"2553 Grays Ferry Ave, Philadelphia, PA 19146",False,,,https://www.apartments.com/2553-grays-ferry-ave-philadelphia-pa/3smydfd/
1 Christian St,,267-515-5804,"1 Christian St, Philadelphia, PA 19147",False,,,https://www.apartments.com/1-christian-st-philadelphia-pa/xwsedyp/
4715 Walnut St Unit 108,,484-402-4714,"4715 Walnut St, Philadelphia, PA 19139",False,,,https://www.apartments.com/4715-walnut-st-philadelphia-pa-unit-108/7s87gyz/
4217 Baltimore Ave Unit 1F,,,"4217 Baltimore Ave, Philadelphia, PA 19104",False,,,https://www.apartments.com/4217-baltimore-ave-philadelphia-pa-unit-1f/s9kb7y4/
54 Highland Ave Unit 2,,215-240-7359,"54 Highland Ave, Bala Cynwyd, PA 19004",False,,,https://www.apartments.com/54-highland-ave-bala-cynwyd-pa-unit-2/xsf5jpq/
447 S 43rd St Unit 2F,,,"447 S 43rd St, Philadelphia, PA 19104",False,,,https://www.apartments.com/447-s-43rd-st-philadelphia-pa-unit-2f/1g9k146/
4124 Chester Ave Unit 1,,,"4124 Chester Ave, Philadelphia, PA 19104",False,,,https://www.apartments.com/4124-chester-ave-philadelphia-pa-unit-1/x01ts3p/
4844 Walnut St Unit B2,,,"4844 Walnut St, Philadelphia, PA 19139",False,,,https://www.apartments.com/4844-walnut-st-philadelphia-pa-unit-b2/cwbnd6e/
700 New St Unit 106,,609-403-0229,"700 New St, Camden, NJ 08103",False,,,https://www.apartments.com/700-new-st-camden-nj-unit-106/8xhn6m2/
4836 Walnut St Unit 3,,,"4836 Walnut St, Philadelphia, PA 19139",False,,,https://www.apartments.com/4836-walnut-st-philadelphia-pa-unit-3/7blsblz/
1221 S Broad St Unit 608,,,"1221 S Broad St, Philadelphia, PA 19147",False,,,https://www.apartments.com/1221-s-broad-st-philadelphia-pa-unit-608/4p04vpl/
1120 Titan St,,,"1120 Titan St, Philadelphia, PA 19147",False,,,https://www.apartments.com/1120-titan-st-philadelphia-pa/v7cqzxd/
4227 Regent Square,,732-242-7796,"4227 Regent Square, Philadelphia, PA 19104",False,,,https://www.apartments.com/4227-regent-square-philadelphia-pa/9eyhqt5/
1254 Point Breeze Ave Unit 1,,360-862-2065,"1254 Point Breeze Ave, Philadelphia, PA 19146",False,,,https://www.apartments.com/1254-point-breeze-ave-philadelphia-pa-unit-1/vfshtbf/
4248 Regent Square,,267-603-4264,"4248 Regent Square, Philadelphia, PA 19104",False,,,https://www.apartments.com/4248-regent-square-philadelphia-pa/q81n9ey/
4248 Regent Square,,844-660-8720,"4248 Regent Square, Philadelphia, PA 19104",False,,,https://www.apartments.com/4248-regent-square-philadelphia-pa/1jsp434/
1308 Point Breeze Ave Unit 2F,,215-395-6926,"1308 Point Breeze Ave, Philadelphia, PA 19146",False,,,https://www.apartments.com/1308-point-breeze-ave-philadelphia-pa-unit-2f/4tjxjsh/
